trade_id,entry_time,entry_price,direction,initial_size_millions,confidence,is_relaxed,entry_logic,sl_price,sl_distance_pips,tp1_price,tp2_price,tp3_price,exit_time,exit_price,exit_reason,tp_hits,trade_duration_hours,final_pnl,partial_exit_1_type,partial_exit_1_size_m,partial_exit_1_pnl,partial_pnl_total,final_exit_pips,pnl_per_million,partial_exit_2_type,partial_exit_2_size_m,partial_exit_2_pnl,partial_exit_3_type,partial_exit_3_size_m,partial_exit_3_pnl
1,2012-09-27 23:30:00,1.046108,long,1.000000,41.474366,False,Standard (NTI+MB+IC),1.045608,5.000000,1.047049,1.047991,1.049246,2012-09-28 01:00:00,1.046088,trailing_stop,0,1.500000,331.308971,TP0,0.700000,337.439791,337.439791,-0.204361,331.308971,,,,,,
2,2012-09-28 06:45:00,1.042490,short,1.000000,32.785011,False,Standard (NTI+MB+IC),1.042990,5.000000,1.041552,1.040613,1.039362,2012-09-28 07:15:00,1.043002,stop_loss,0,0.500000,-512.712714,,,,,-5.127127,-512.712714,,,,,,
3,2012-09-28 07:30:00,1.043328,short,1.000000,39.649215,False,Standard (NTI+MB+IC),1.043828,5.000000,1.042389,1.041450,1.040198,2012-11-05 23:30:00,1.016894,trailing_stop,0,928.000000,476.314494,TP0,0.700000,194.615928,349.860007,264.341150,476.314494,TP0,0.099000,92.960527,TP0,0.066330,62.283553
4,2012-11-05 23:45:00,1.042756,long,1.000000,53.217216,False,Standard (NTI+MB+IC),1.042256,5.000000,1.043694,1.044633,1.045884,2012-11-06 00:00:00,1.042061,stop_loss,0,0.250000,-694.161786,,,,,-6.941618,-694.161786,,,,,,
5,2012-11-06 00:15:00,1.043215,long,1.000000,51.772193,False,Standard (NTI+MB+IC),1.042715,5.000000,1.044153,1.045092,1.046344,2012-11-06 00:45:00,1.042613,stop_loss,0,0.500000,-57.570314,TP0,0.700000,122.796668,122.796668,-6.012233,-57.570314,,,,,,
6,2012-11-06 01:00:00,1.042607,long,1.000000,47.789901,False,Standard (NTI+MB+IC),1.042107,5.000000,1.043546,1.044484,1.045735,2012-11-06 02:00:00,1.042056,stop_loss,0,1.000000,-44.356548,TP0,0.700000,120.985756,120.985756,-5.511410,-44.356548,,,,,,
7,2012-11-06 02:15:00,1.042097,long,1.000000,35.308801,False,Standard (NTI+MB+IC),1.041597,5.000000,1.043035,1.043972,1.045223,2012-11-06 03:15:00,1.042106,trailing_stop,0,1.000000,257.159910,TP0,0.700000,254.329931,254.329931,0.094333,257.159910,,,,,,
8,2012-11-06 03:30:00,1.042594,long,1.000000,11.276468,False,Standard (NTI+MB+IC),1.042094,5.000000,1.043532,1.044471,1.045722,2012-11-06 03:45:00,1.042075,stop_loss,0,0.250000,-518.611895,,,,,-5.186119,-518.611895,,,,,,
9,2012-11-06 04:15:00,1.042522,long,1.000000,17.150433,False,Standard (NTI+MB+IC),1.042022,5.000000,1.043460,1.044399,1.045650,2012-11-06 10:45:00,1.042550,trailing_stop,0,6.500000,713.806306,TP0,0.700000,432.460720,587.584896,0.281408,713.806306,TP0,0.099000,92.888728,TP0,0.066330,62.235448
10,2012-11-06 20:15:00,1.041422,short,1.000000,53.418510,False,Standard (NTI+MB+IC),1.041922,5.000000,1.040485,1.039548,1.038298,2012-11-06 21:00:00,1.041417,trailing_stop,0,0.750000,199.091841,TP0,0.700000,197.506035,197.506035,0.052860,199.091841,,,,,,
11,2012-11-06 21:15:00,1.041577,short,1.000000,44.548727,False,Standard (NTI+MB+IC),1.042077,5.000000,1.040639,1.039702,1.038452,2012-11-06 21:30:00,1.042255,stop_loss,0,0.250000,-678.248419,,,,,-6.782484,-678.248419,,,,,,
12,2012-11-06 21:45:00,1.043185,short,1.000000,21.312212,False,Standard (NTI+MB+IC),1.043119,0.655571,1.042246,1.041307,1.040055,2012-11-06 22:15:00,1.043162,trailing_stop,0,0.500000,290.522338,TP0,0.700000,283.499857,283.499857,0.234083,290.522338,,,,,,
13,2012-11-06 22:30:00,1.043713,short,1.000000,23.787820,False,Standard (NTI+MB+IC),1.043110,6.036572,1.042774,1.041835,1.040582,2012-11-06 23:00:00,1.043681,trailing_stop,0,0.500000,236.099298,TP0,0.700000,226.326119,226.326119,0.325773,236.099298,,,,,,
14,2012-11-06 23:15:00,1.045298,long,1.000000,50.618551,False,Standard (NTI+MB+IC),1.044798,5.000000,1.046239,1.047180,1.048434,2012-11-07 04:15:00,1.045732,trailing_stop,0,5.000000,394.575223,TP0,0.700000,113.179418,268.716671,4.332437,394.575223,TP0,0.099000,93.136080,TP0,0.066330,62.401174
15,2012-11-07 04:30:00,1.045703,long,1.000000,21.597466,False,Standard (NTI+MB+IC),1.045203,5.000000,1.046644,1.047585,1.048840,2012-11-07 06:00:00,1.045659,trailing_stop,0,1.500000,439.480798,TP0,0.700000,355.067324,448.239440,-0.435753,439.480798,TP0,0.099000,93.172116,,,
16,2012-11-07 06:15:00,1.045059,long,1.000000,14.521493,False,Standard (NTI+MB+IC),1.044559,5.000000,1.046000,1.046940,1.048194,2012-11-07 07:00:00,1.045021,trailing_stop,0,0.750000,374.273196,TP0,0.700000,385.722355,385.722355,-0.381639,374.273196,,,,,,
17,2012-11-07 07:15:00,1.043572,long,1.000000,16.346095,False,Standard (NTI+MB+IC),1.044514,9.421251,1.044511,1.045451,1.046703,2012-11-07 07:45:00,1.043618,trailing_stop,0,0.500000,271.116684,TP0,0.700000,257.477582,257.477582,0.454637,271.116684,,,,,,
18,2012-11-07 08:30:00,1.043042,short,1.000000,49.526940,False,Standard (NTI+MB+IC),1.043542,5.000000,1.042103,1.041164,1.039913,2012-11-07 20:00:00,1.040827,trailing_stop,0,11.500000,618.931522,TP0,0.700000,337.310208,492.511710,22.148138,618.931522,TP0,0.099000,92.935031,TP0,0.066330,62.266471
19,2012-11-07 20:15:00,1.042982,short,1.000000,18.800239,False,Standard (NTI+MB+IC),1.042144,8.378124,1.042043,1.041105,1.039853,2012-11-08 09:45:00,1.041144,trailing_stop,0,13.500000,982.997526,TP0,0.700000,701.392389,856.584980,18.379377,982.997526,TP0,0.099000,92.929695,TP0,0.066330,62.262896
20,2012-11-08 19:30:00,1.038227,short,1.000000,49.267832,False,Standard (NTI+MB+IC),1.038727,5.000000,1.037293,1.036358,1.035112,2012-11-08 20:00:00,1.038746,stop_loss,0,0.500000,-519.347670,,,,,-5.193477,-519.347670,,,,,,
21,2012-11-08 21:45:00,1.041292,short,1.000000,14.828016,False,Standard (NTI+MB+IC),1.041108,1.834012,1.040355,1.039418,1.038168,2012-11-08 22:00:00,1.041192,stop_loss,0,0.250000,99.944723,,,,,0.999447,99.944723,,,,,,
22,2012-11-08 22:15:00,1.041881,short,1.000000,37.117705,False,Standard (NTI+MB+IC),1.041098,7.832279,1.040943,1.040005,1.038755,2012-11-08 22:45:00,1.041543,signal_flip,0,0.500000,402.784342,TP0,0.700000,301.551249,301.551249,3.374436,402.784342,,,,,,
23,2012-11-08 23:00:00,1.042035,long,1.000000,43.070058,False,Standard (NTI+MB+IC),1.041535,5.000000,1.042973,1.043911,1.045161,2012-11-09 01:15:00,1.042304,trailing_stop,0,2.250000,938.417569,TP0,0.700000,717.461183,872.512873,2.684997,938.417569,TP0,0.099000,92.845323,TP0,0.066330,62.206367
24,2012-11-09 01:30:00,1.042680,long,1.000000,61.656894,False,Standard (NTI+MB+IC),1.042180,5.000000,1.043619,1.044557,1.045808,2012-11-09 02:15:00,1.042079,stop_loss,0,0.750000,-601.018512,,,,,-6.010185,-601.018512,,,,,,
25,2012-11-09 02:45:00,1.042247,long,1.000000,40.845371,False,Standard (NTI+MB+IC),1.041747,5.000000,1.043185,1.044123,1.045374,2012-11-09 03:00:00,1.041654,stop_loss,0,0.250000,-593.598992,,,,,-5.935990,-593.598992,,,,,,
26,2012-11-09 03:15:00,1.041044,long,1.000000,17.991064,False,Standard (NTI+MB+IC),1.040976,0.682590,1.041981,1.042918,1.044167,2012-11-09 03:30:00,1.040846,stop_loss,0,0.250000,-197.719067,,,,,-1.977191,-197.719067,,,,,,
27,2012-11-09 03:45:00,1.040701,long,1.000000,19.785659,False,Standard (NTI+MB+IC),1.040999,2.976042,1.041638,1.042574,1.043823,2012-11-09 04:00:00,1.040898,stop_loss,0,0.250000,196.542018,,,,,1.965420,196.542018,,,,,,
28,2012-11-09 04:15:00,1.041265,long,1.000000,39.505239,False,Standard (NTI+MB+IC),1.040991,2.737539,1.042202,1.043139,1.044388,2012-11-09 04:45:00,1.041540,signal_flip,0,0.500000,268.452284,TP0,0.700000,185.802746,185.802746,2.754985,268.452284,,,,,,
29,2012-11-09 06:00:00,1.039244,short,1.000000,40.362694,False,Standard (NTI+MB+IC),1.039744,5.000000,1.038308,1.037373,1.036126,2012-11-09 11:45:00,1.037554,trailing_stop,0,5.750000,465.361055,TP0,0.700000,184.515170,339.151499,16.899719,465.361055,TP0,0.099000,92.596604,TP0,0.066330,62.039725
30,2012-11-12 20:00:00,1.041396,short,1.000000,47.787812,False,Standard (NTI+MB+IC),1.041896,5.000000,1.040459,1.039521,1.038272,2012-11-13 02:30:00,1.041329,trailing_stop,0,6.500000,871.948763,TP0,0.700000,592.203148,747.159749,0.670170,871.948763,TP0,0.099000,92.788384,TP0,0.066330,62.168217
31,2012-11-13 03:00:00,1.040387,short,1.000000,21.760061,False,Standard (NTI+MB+IC),1.040887,5.000000,1.039450,1.038514,1.037266,2012-11-13 03:45:00,1.040378,trailing_stop,0,0.750000,294.263882,TP0,0.700000,291.681600,291.681600,0.086076,294.263882,,,,,,
32,2012-11-13 19:00:00,1.045215,long,1.000000,32.439782,False,Standard (NTI+MB+IC),1.044715,5.000000,1.046155,1.047096,1.048350,2012-11-13 19:45:00,1.044655,stop_loss,0,0.750000,-559.585236,,,,,-5.595852,-559.585236,,,,,,
33,2012-11-14 06:45:00,1.042988,short,1.000000,37.321273,False,Standard (NTI+MB+IC),1.043488,5.000000,1.042050,1.041111,1.039859,2012-11-23 10:00:00,1.030511,trailing_stop,0,219.250000,560.452235,TP0,0.700000,278.845380,434.038918,124.769127,560.452235,TP0,0.099000,92.930262,TP0,0.066330,62.263276
34,2012-11-23 10:15:00,1.044165,long,1.000000,44.951973,False,Standard (NTI+MB+IC),1.043665,5.000000,1.045105,1.046045,1.047298,2012-11-25 20:45:00,1.045382,trailing_stop,0,58.500000,432.299502,TP0,0.700000,150.374835,305.743481,12.172544,432.299502,TP0,0.099000,93.035117,TP0,0.066330,62.333529
35,2012-11-25 21:00:00,1.045089,long,1.000000,14.179100,False,Standard (NTI+MB+IC),1.044589,5.000000,1.046030,1.046971,1.048225,2012-11-26 01:00:00,1.045074,trailing_stop,0,4.000000,343.802346,TP0,0.700000,119.432971,274.939136,-0.156072,343.802346,TP0,0.099000,93.117464,TP0,0.066330,62.388701
36,2012-11-26 17:00:00,1.047677,long,1.000000,45.734766,False,Standard (NTI+MB+IC),1.047177,5.000000,1.048620,1.049563,1.050820,2012-11-26 17:30:00,1.046992,stop_loss,0,0.500000,-685.658321,,,,,-6.856583,-685.658321,,,,,,
37,2012-11-27 11:00:00,1.044817,short,1.000000,42.293650,False,Standard (NTI+MB+IC),1.045317,5.000000,1.043876,1.042936,1.041682,2012-11-27 11:30:00,1.045372,stop_loss,0,0.500000,-49.974591,TP0,0.700000,116.612463,116.612463,-5.552902,-49.974591,,,,,,
38,2012-11-28 11:45:00,1.046838,long,1.000000,41.951448,False,Standard (NTI+MB+IC),1.046338,5.000000,1.047780,1.048722,1.049978,2012-11-28 19:30:00,1.046873,trailing_stop,0,7.750000,504.210029,TP0,0.700000,232.611120,388.377429,0.353043,504.210029,TP0,0.099000,93.273239,TP0,0.066330,62.493070
39,2012-11-28 20:30:00,1.046067,long,1.000000,50.389904,False,Standard (NTI+MB+IC),1.046284,2.167412,1.047009,1.047950,1.049206,2012-11-28 20:45:00,1.046121,stop_loss,0,0.250000,87.981631,TP0,0.700000,71.890384,71.890384,0.536375,87.981631,,,,,,
40,2012-11-28 21:15:00,1.046106,short,1.000000,52.477240,False,Standard (NTI+MB+IC),1.046606,5.000000,1.045164,1.044223,1.042967,2012-11-28 23:00:00,1.046701,stop_loss,0,1.750000,-595.091706,,,,,-5.950917,-595.091706,,,,,,
41,2012-11-29 00:30:00,1.047182,long,1.000000,38.340141,False,Standard (NTI+MB+IC),1.046682,5.000000,1.048124,1.049067,1.050323,2012-11-29 01:00:00,1.046548,stop_loss,0,0.500000,-633.768218,,,,,-6.337682,-633.768218,,,,,,
42,2012-11-29 01:30:00,1.045431,long,1.000000,35.858897,False,Standard (NTI+MB+IC),1.046272,8.411991,1.046371,1.047312,1.048567,2012-11-29 01:45:00,1.046225,stop_loss,0,0.250000,794.660365,,,,,7.946604,794.660365,,,,,,
43,2012-11-29 02:00:00,1.045241,short,1.000000,37.374117,False,Standard (NTI+MB+IC),1.045741,5.000000,1.044301,1.043360,1.042106,2012-11-29 02:45:00,1.045772,stop_loss,0,0.750000,-530.938384,,,,,-5.309384,-530.938384,,,,,,
44,2012-11-29 03:00:00,1.045533,short,1.000000,36.663261,False,Standard (NTI+MB+IC),1.046033,5.000000,1.044592,1.043651,1.042397,2012-11-29 03:15:00,1.046145,stop_loss,0,0.250000,-611.325356,,,,,-6.113254,-611.325356,,,,,,
45,2012-11-29 09:15:00,1.043231,short,1.000000,43.463903,False,Standard (NTI+MB+IC),1.043731,5.000000,1.042293,1.041354,1.040102,2012-11-29 09:30:00,1.043747,stop_loss,0,0.250000,-515.367427,,,,,-5.153674,-515.367427,,,,,,
46,2012-11-29 09:45:00,1.044338,short,1.000000,45.291956,False,Standard (NTI+MB+IC),1.044838,5.000000,1.043398,1.042458,1.041205,2012-11-29 10:45:00,1.044082,trailing_stop,0,1.000000,967.546826,TP0,0.700000,747.303427,902.697725,2.557799,967.546826,TP0,0.099000,93.050478,TP0,0.066330,62.343820
47,2012-11-29 11:00:00,1.044338,short,1.000000,42.784423,False,Standard (NTI+MB+IC),1.044838,5.000000,1.043398,1.042458,1.041205,2012-11-30 02:15:00,1.043164,trailing_stop,0,15.250000,483.451899,TP0,0.700000,201.480685,356.875021,11.741264,483.451899,TP0,0.099000,93.050501,TP0,0.066330,62.343835
48,2012-11-30 09:00:00,1.040639,short,1.000000,43.454951,False,Standard (NTI+MB+IC),1.041139,5.000000,1.039703,1.038766,1.037517,2012-11-30 09:45:00,1.041195,stop_loss,0,0.750000,-41.331294,TP0,0.700000,125.454640,125.454640,-5.559531,-41.331294,,,,,,
49,2012-12-02 20:00:00,1.040119,short,1.000000,38.648576,False,Standard (NTI+MB+IC),1.040619,5.000000,1.039183,1.038247,1.036999,2012-12-02 20:15:00,1.040700,stop_loss,0,0.250000,-580.833206,,,,,-5.808332,-580.833206,,,,,,
50,2012-12-02 20:30:00,1.040569,short,1.000000,38.213001,False,Standard (NTI+MB+IC),1.041069,5.000000,1.039633,1.038696,1.037447,2012-12-02 20:45:00,1.041139,stop_loss,0,0.250000,-570.153683,,,,,-5.701537,-570.153683,,,,,,
51,2012-12-03 07:45:00,1.043544,long,1.000000,38.437113,False,Standard (NTI+MB+IC),1.043044,5.000000,1.044484,1.045423,1.046675,2012-12-03 08:00:00,1.042911,stop_loss,0,0.250000,-632.956233,,,,,-6.329562,-632.956233,,,,,,
52,2012-12-04 00:30:00,1.043960,long,1.000000,35.840043,False,Standard (NTI+MB+IC),1.043460,5.000000,1.044899,1.045839,1.047091,2012-12-05 19:00:00,1.046472,trailing_stop,0,42.500000,492.171200,TP0,0.700000,210.302116,365.640168,25.126916,492.171200,TP0,0.099000,93.016798,TP0,0.066330,62.321254
53,2012-12-05 19:15:00,1.044617,short,1.000000,44.982714,False,Standard (NTI+MB+IC),1.045117,5.000000,1.043677,1.042737,1.041484,2012-12-05 19:30:00,1.045265,stop_loss,0,0.250000,-647.171089,,,,,-6.471711,-647.171089,,,,,,
54,2012-12-05 19:45:00,1.046907,short,1.000000,22.687769,False,Standard (NTI+MB+IC),1.046328,5.780273,1.045964,1.045022,1.043766,2012-12-05 20:00:00,1.046469,stop_loss,0,0.250000,437.512038,,,,,4.375120,437.512038,,,,,,
55,2012-12-05 20:15:00,1.047413,short,1.000000,46.354814,False,Standard (NTI+MB+IC),1.046337,10.764545,1.046471,1.045528,1.044271,2012-12-05 20:30:00,1.047042,signal_flip,0,0.250000,365.963458,TP0,0.700000,254.402083,254.402083,3.718713,365.963458,,,,,,
56,2012-12-05 20:45:00,1.046978,long,1.000000,48.033313,False,Standard (NTI+MB+IC),1.046478,5.000000,1.047920,1.048862,1.050119,2012-12-05 21:45:00,1.046936,trailing_stop,0,1.000000,268.986333,TP0,0.700000,281.628749,281.628749,-0.421414,268.986333,,,,,,
57,2012-12-05 22:15:00,1.046558,long,1.000000,37.614734,False,Standard (NTI+MB+IC),1.046058,5.000000,1.047500,1.048442,1.049698,2012-12-06 00:15:00,1.045886,stop_loss,0,2.000000,-672.264835,,,,,-6.722648,-672.264835,,,,,,
58,2012-12-06 05:45:00,1.048408,long,1.000000,46.116807,False,Standard (NTI+MB+IC),1.047908,5.000000,1.049352,1.050295,1.051553,2012-12-06 06:15:00,1.048373,trailing_stop,0,0.500000,305.792446,TP0,0.700000,316.352028,316.352028,-0.351986,305.792446,,,,,,
59,2012-12-06 06:30:00,1.048666,long,1.000000,49.876341,False,Standard (NTI+MB+IC),1.048166,5.000000,1.049610,1.050554,1.051812,2012-12-06 08:30:00,1.048675,trailing_stop,0,2.000000,468.851924,TP0,0.700000,373.611955,467.048119,0.089742,468.851924,TP0,0.099000,93.436165,,,
60,2012-12-06 09:00:00,1.049979,long,1.000000,41.325312,False,Standard (NTI+MB+IC),1.049479,5.000000,1.050924,1.051869,1.053129,2012-12-06 09:15:00,1.049449,stop_loss,0,0.250000,-529.465285,,,,,-5.294653,-529.465285,,,,,,
61,2012-12-06 09:30:00,1.048881,long,1.000000,37.519870,False,Standard (NTI+MB+IC),1.048381,5.000000,1.049825,1.050769,1.052028,2012-12-06 11:45:00,1.048896,trailing_stop,0,2.250000,503.738247,TP0,0.700000,258.174903,414.245276,0.148304,503.738247,TP0,0.099000,93.455313,TP0,0.066330,62.615060
62,2012-12-06 12:15:00,1.047941,long,1.000000,12.591717,False,Standard (NTI+MB+IC),1.047805,1.361116,1.048884,1.049828,1.051085,2012-12-06 12:30:00,1.047666,stop_loss,0,0.250000,-274.905769,,,,,-2.749058,-274.905769,,,,,,
63,2012-12-06 12:45:00,1.047342,long,1.000000,14.599749,False,Standard (NTI+MB+IC),1.047851,5.094535,1.048285,1.049227,1.050484,2012-12-06 13:45:00,1.047364,trailing_stop,0,1.000000,523.305250,TP0,0.700000,425.629105,518.947273,0.216815,523.305250,TP0,0.099000,93.318168,,,
64,2012-12-07 05:15:00,1.046664,short,1.000000,51.299362,False,Standard (NTI+MB+IC),1.047164,5.000000,1.045722,1.044780,1.043524,2012-12-07 07:30:00,1.046622,trailing_stop,0,2.250000,344.804351,TP0,0.700000,332.003576,332.003576,0.426693,344.804351,,,,,,
65,2012-12-07 08:45:00,1.047600,short,1.000000,32.365718,False,Standard (NTI+MB+IC),1.047646,0.465434,1.046657,1.045714,1.044457,2012-12-07 09:15:00,1.047567,trailing_stop,0,0.500000,212.553186,TP0,0.700000,202.745571,202.745571,0.326920,212.553186,,,,,,
66,2012-12-09 22:30:00,1.047514,short,1.000000,41.161225,False,Standard (NTI+MB+IC),1.048014,5.000000,1.046572,1.045629,1.044372,2012-12-10 00:30:00,1.047551,trailing_stop,0,2.000000,111.052897,TP0,0.700000,122.033262,122.033262,-0.366012,111.052897,,,,,,
67,2012-12-10 07:45:00,1.048673,long,1.000000,48.130376,False,Standard (NTI+MB+IC),1.048173,5.000000,1.049522,1.050371,1.051219,2012-12-10 12:30:00,1.048921,trailing_stop,0,4.750000,1001.139394,TP0,0.700000,746.942197,887.274675,2.481376,1001.139394,TP0,0.099000,84.031424,TP0,0.066330,56.301054
68,2012-12-10 12:45:00,1.048344,long,1.000000,17.343516,False,Standard (NTI+MB+IC),1.048444,1.001101,1.049288,1.050231,1.051489,2012-12-10 13:00:00,1.048428,stop_loss,0,0.250000,84.104314,,,,,0.841043,84.104314,,,,,,
69,2012-12-10 13:15:00,1.048257,long,1.000000,20.476677,False,Standard (NTI+MB+IC),1.048462,2.057788,1.049200,1.050144,1.051401,2012-12-10 14:15:00,1.048569,signal_flip,0,1.000000,299.078888,TP0,0.700000,205.297400,205.297400,3.126050,299.078888,,,,,,
70,2012-12-10 19:45:00,1.047215,short,1.000000,33.729509,False,Standard (NTI+MB+IC),1.047715,5.000000,1.046272,1.045330,1.044073,2012-12-10 22:15:00,1.047214,trailing_stop,0,2.500000,208.746030,TP0,0.700000,115.294086,208.600916,0.007220,208.746030,TP0,0.099000,93.306830,,,
71,2012-12-10 22:30:00,1.046947,short,1.000000,41.167812,False,Standard (NTI+MB+IC),1.047447,5.000000,1.046004,1.045062,1.043806,2012-12-10 23:15:00,1.047574,stop_loss,0,0.750000,-627.569972,,,,,-6.275700,-627.569972,,,,,,
72,2012-12-10 23:30:00,1.047486,short,1.000000,16.281458,False,Standard (NTI+MB+IC),1.047986,5.000000,1.046544,1.045601,1.044344,2012-12-10 23:45:00,1.048136,stop_loss,0,0.250000,-649.724245,,,,,-6.497242,-649.724245,,,,,,
73,2012-12-11 00:00:00,1.047835,short,1.000000,17.211207,False,Standard (NTI+MB+IC),1.048215,3.798253,1.046892,1.045949,1.044691,2012-12-11 03:30:00,1.048402,stop_loss,0,3.500000,-47.912182,TP0,0.700000,122.279529,122.279529,-5.673057,-47.912182,,,,,,
74,2012-12-11 05:45:00,1.048987,long,1.000000,44.182652,False,Standard (NTI+MB+IC),1.048487,5.000000,1.049931,1.050875,1.052134,2012-12-19 08:30:00,1.056205,trailing_stop,0,194.750000,467.155934,TP0,0.700000,183.929379,340.015533,72.175218,467.155934,TP0,0.099000,93.464763,TP0,0.066330,62.621391
75,2012-12-19 08:45:00,1.048726,short,1.000000,55.645382,False,Standard (NTI+MB+IC),1.049226,5.000000,1.047782,1.046838,1.045580,2012-12-19 10:30:00,1.048756,trailing_stop,0,1.750000,630.534796,TP0,0.700000,543.117578,636.559054,-0.299714,630.534796,TP0,0.099000,93.441476,,,
76,2012-12-19 10:45:00,1.049438,short,1.000000,46.230430,False,Standard (NTI+MB+IC),1.049938,5.000000,1.048493,1.047549,1.046290,2012-12-19 12:15:00,1.050110,stop_loss,0,1.500000,-672.542632,,,,,-6.725426,-672.542632,,,,,,
77,2012-12-19 12:30:00,1.050181,short,1.000000,10.845874,False,Standard (NTI+MB+IC),1.050681,5.000000,1.049236,1.048291,1.047031,2012-12-20 03:45:00,1.047986,trailing_stop,0,15.250000,550.577409,TP0,0.700000,267.028412,423.292264,21.958277,550.577409,TP0,0.099000,93.571169,TP0,0.066330,62.692683
78,2012-12-20 04:00:00,1.049480,long,1.000000,43.759016,False,Standard (NTI+MB+IC),1.048980,5.000000,1.050425,1.051369,1.052629,2012-12-20 05:00:00,1.048904,stop_loss,0,1.000000,-575.934220,,,,,-5.759342,-575.934220,,,,,,
79,2012-12-20 09:45:00,1.047074,short,1.000000,39.554473,False,Standard (NTI+MB+IC),1.047574,5.000000,1.046132,1.045189,1.043933,2012-12-20 10:45:00,1.047119,trailing_stop,0,1.000000,451.133523,TP0,0.700000,366.844113,460.138412,-0.448004,451.133523,TP0,0.099000,93.294299,,,
80,2012-12-20 20:00:00,1.044733,short,1.000000,38.961588,False,Standard (NTI+MB+IC),1.045233,5.000000,1.043793,1.042853,1.041599,2012-12-20 20:30:00,1.044720,trailing_stop,0,0.500000,497.127606,TP0,0.700000,401.419243,494.504994,0.130478,497.127606,TP0,0.099000,93.085751,,,
81,2012-12-20 20:45:00,1.044713,short,1.000000,50.035634,False,Standard (NTI+MB+IC),1.045213,5.000000,1.043773,1.042833,1.041579,2012-12-20 21:45:00,1.044675,trailing_stop,0,1.000000,133.052373,TP0,0.700000,121.427931,121.427931,0.387481,133.052373,,,,,,
82,2012-12-20 22:00:00,1.044451,short,1.000000,52.215422,False,Standard (NTI+MB+IC),1.044951,5.000000,1.043511,1.042571,1.041318,2012-12-20 23:15:00,1.045141,stop_loss,0,1.250000,-690.202266,,,,,-6.902023,-690.202266,,,,,,
83,2012-12-20 23:30:00,1.045109,short,1.000000,36.910337,False,Standard (NTI+MB+IC),1.045609,5.000000,1.044168,1.043227,1.041973,2013-01-01 21:00:00,1.036170,trailing_stop,0,285.500000,400.169190,TP0,0.700000,117.989880,273.498897,89.389268,400.169190,TP0,0.099000,93.119172,TP0,0.066330,62.389846
84,2013-01-01 21:30:00,1.048578,long,1.000000,50.518271,False,Standard (NTI+MB+IC),1.048078,5.000000,1.049521,1.050465,1.051723,2013-01-01 22:00:00,1.048026,stop_loss,0,0.500000,-552.079983,,,,,-5.520800,-552.079983,,,,,,
85,2013-01-01 22:15:00,1.047272,long,1.000000,55.878674,False,Standard (NTI+MB+IC),1.046772,5.000000,1.048214,1.049157,1.050414,2013-01-01 23:00:00,1.047258,trailing_stop,0,0.750000,299.234281,TP0,0.700000,208.650526,301.962455,-0.135730,299.234281,TP0,0.099000,93.311929,,,
86,2013-01-01 23:15:00,1.047113,long,1.000000,49.915626,False,Standard (NTI+MB+IC),1.046613,5.000000,1.048056,1.048998,1.050254,2013-01-01 23:30:00,1.046547,stop_loss,0,0.250000,-565.970032,,,,,-5.659700,-565.970032,,,,,,
87,2013-01-01 23:45:00,1.046712,long,1.000000,41.266941,False,Standard (NTI+MB+IC),1.046212,5.000000,1.047654,1.048596,1.049853,2013-01-02 01:30:00,1.046709,trailing_stop,0,1.750000,328.597316,TP0,0.700000,173.335531,329.083193,-0.036079,328.597316,TP0,0.099000,93.262073,TP0,0.066330,62.485589
88,2013-01-02 01:45:00,1.047781,long,1.000000,34.753337,False,Standard (NTI+MB+IC),1.047281,5.000000,1.048724,1.049667,1.050925,2013-01-02 02:30:00,1.047753,trailing_stop,0,0.750000,186.659613,TP0,0.700000,195.160584,195.160584,-0.283366,186.659613,,,,,,
89,2013-01-02 02:45:00,1.047397,long,1.000000,36.939971,False,Standard (NTI+MB+IC),1.046897,5.000000,1.048340,1.049282,1.050539,2013-01-02 22:30:00,1.050566,trailing_stop,0,19.750000,795.794918,TP0,0.700000,512.997689,668.847242,31.684872,795.794918,TP0,0.099000,93.323086,TP0,0.066330,62.526467
90,2013-01-03 02:15:00,1.050275,long,1.000000,22.349747,False,Standard (NTI+MB+IC),1.049775,5.000000,1.051220,1.052166,1.053426,2013-01-03 03:30:00,1.050237,trailing_stop,0,1.250000,229.825450,TP0,0.700000,241.380997,241.380997,-0.385185,229.825450,,,,,,
91,2013-01-03 03:45:00,1.050681,long,1.000000,30.509764,False,Standard (NTI+MB+IC),1.050181,5.000000,1.051627,1.052573,1.053834,2013-01-03 04:45:00,1.050666,trailing_stop,0,1.000000,253.392534,TP0,0.700000,257.964432,257.964432,-0.152397,253.392534,,,,,,
92,2013-01-03 10:00:00,1.052181,long,1.000000,38.340630,False,Standard (NTI+MB+IC),1.051681,5.000000,1.053128,1.054075,1.055337,2013-01-03 10:30:00,1.051671,stop_loss,0,0.500000,-509.741239,,,,,-5.097412,-509.741239,,,,,,
93,2013-01-03 14:00:00,1.048871,long,1.000000,15.424214,False,Standard (NTI+MB+IC),1.050299,14.278929,1.049815,1.050759,1.052018,2013-01-03 14:15:00,1.050151,stop_loss,0,0.250000,1279.844247,,,,,12.798442,1279.844247,,,,,,
94,2013-01-03 14:45:00,1.047540,short,1.000000,50.025633,False,Standard (NTI+MB+IC),1.048040,5.000000,1.046597,1.045654,1.044397,2013-01-04 13:45:00,1.041740,trailing_stop,0,23.000000,485.832382,TP0,0.700000,202.996583,358.867392,58.003153,485.832382,TP0,0.099000,93.335814,TP0,0.066330,62.534995
95,2013-01-04 14:00:00,1.047255,long,1.000000,53.895148,False,Standard (NTI+MB+IC),1.046755,5.000000,1.048198,1.049141,1.050397,2013-01-04 15:00:00,1.047290,trailing_stop,0,1.000000,243.420335,TP0,0.700000,143.151907,236.462372,0.346167,243.420335,TP0,0.099000,93.310465,,,
96,2013-01-04 15:15:00,1.048596,long,1.000000,64.872273,False,Standard (NTI+MB+IC),1.048096,5.000000,1.049540,1.050483,1.051742,2013-01-04 16:00:00,1.047936,stop_loss,0,0.750000,-659.581430,,,,,-6.595814,-659.581430,,,,,,
97,2013-01-04 16:15:00,1.047889,long,1.000000,58.974401,False,Standard (NTI+MB+IC),1.047389,5.000000,1.048832,1.049775,1.051032,2013-01-06 19:30:00,1.049377,trailing_stop,0,51.250000,496.911531,TP0,0.700000,210.999064,366.921740,14.885044,496.911531,TP0,0.099000,93.366872,TP0,0.066330,62.555804
98,2013-01-06 19:45:00,1.048135,long,1.000000,17.829875,False,Standard (NTI+MB+IC),1.047635,5.000000,1.049079,1.050022,1.051280,2013-01-06 20:30:00,1.048090,trailing_stop,0,0.750000,143.640829,TP0,0.700000,157.188068,157.188068,-0.451575,143.640829,,,,,,
99,2013-01-06 20:45:00,1.048040,long,1.000000,14.480068,False,Standard (NTI+MB+IC),1.047540,5.000000,1.048983,1.049926,1.051184,2013-01-06 22:00:00,1.048041,trailing_stop,0,1.250000,280.680950,TP0,0.700000,280.308017,280.308017,0.012431,280.680950,,,,,,
100,2013-01-07 05:30:00,1.050020,long,1.000000,33.351085,False,Standard (NTI+MB+IC),1.049520,5.000000,1.050965,1.051910,1.053170,2013-01-07 06:15:00,1.050045,trailing_stop,0,0.750000,161.718177,TP0,0.700000,154.092504,154.092504,0.254189,161.718177,,,,,,
101,2013-01-07 17:00:00,1.050064,long,1.000000,52.688499,False,Standard (NTI+MB+IC),1.049564,5.000000,1.051009,1.051954,1.053214,2013-01-07 20:00:00,1.050055,trailing_stop,0,3.000000,389.194393,TP0,0.700000,123.031094,279.277503,-0.093981,389.194393,TP0,0.099000,93.560724,TP0,0.066330,62.685685
102,2013-01-08 16:00:00,1.050438,long,1.000000,34.703699,False,Standard (NTI+MB+IC),1.049938,5.000000,1.051383,1.052329,1.053589,2013-01-08 17:45:00,1.050447,trailing_stop,0,1.750000,234.957785,TP0,0.700000,232.332290,232.332290,0.087517,234.957785,,,,,,
103,2013-01-08 18:00:00,1.050460,long,1.000000,53.166850,False,Standard (NTI+MB+IC),1.049960,5.000000,1.051405,1.052351,1.053611,2013-01-08 19:45:00,1.050450,trailing_stop,0,1.750000,688.103827,TP0,0.700000,462.202082,618.507335,-0.094112,688.103827,TP0,0.099000,93.595960,TP0,0.066330,62.709293
104,2013-01-09 03:00:00,1.051689,long,1.000000,46.874836,False,Standard (NTI+MB+IC),1.051189,5.000000,1.052635,1.053582,1.054844,2013-01-09 04:00:00,1.051070,stop_loss,0,1.000000,-618.536392,,,,,-6.185364,-618.536392,,,,,,
105,2013-01-09 09:00:00,1.052788,long,1.000000,41.956534,False,Standard (NTI+MB+IC),1.052288,5.000000,1.053735,1.054683,1.055946,2013-01-09 10:30:00,1.052154,stop_loss,0,1.500000,-633.833149,,,,,-6.338331,-633.833149,,,,,,
106,2013-01-09 19:30:00,1.050016,short,1.000000,32.145213,False,Standard (NTI+MB+IC),1.050516,5.000000,1.049071,1.048126,1.046866,2013-01-09 20:00:00,1.049985,trailing_stop,0,0.500000,328.363322,TP0,0.700000,319.003616,319.003616,0.311990,328.363322,,,,,,
107,2013-01-09 21:00:00,1.053602,short,1.000000,16.055236,False,Standard (NTI+MB+IC),1.051066,25.350913,1.052653,1.051705,1.050441,2013-01-09 21:15:00,1.051209,stop_loss,0,0.250000,2392.104266,,,,,23.921043,2392.104266,,,,,,
108,2013-01-09 21:45:00,1.054775,long,1.000000,50.482624,False,Standard (NTI+MB+IC),1.054275,5.000000,1.055724,1.056673,1.057939,2013-01-11 10:00:00,1.058118,trailing_stop,0,36.250000,407.616449,TP0,0.700000,122.827325,279.774612,33.433837,407.616449,TP0,0.099000,93.980411,TP0,0.066330,62.966875
109,2013-01-11 11:45:00,1.053594,short,1.000000,29.140052,False,Standard (NTI+MB+IC),1.054094,5.000000,1.052646,1.051697,1.050433,2013-01-11 12:15:00,1.054133,stop_loss,0,0.500000,-538.686317,,,,,-5.386863,-538.686317,,,,,,
110,2013-01-11 15:15:00,1.053255,short,1.000000,32.770878,False,Standard (NTI+MB+IC),1.053755,5.000000,1.052307,1.051359,1.050095,2013-01-13 17:00:00,1.053853,stop_loss,0,49.750000,-42.999815,TP0,0.700000,136.492263,136.492263,-5.983069,-42.999815,,,,,,
111,2013-01-13 22:30:00,1.055556,short,1.000000,31.406222,False,Standard (NTI+MB+IC),1.054648,9.086311,1.054606,1.053656,1.052390,2013-01-13 22:45:00,1.054686,stop_loss,0,0.250000,869.728140,,,,,8.697281,869.728140,,,,,,
112,2013-01-13 23:00:00,1.055695,long,1.000000,37.699871,False,Standard (NTI+MB+IC),1.055195,5.000000,1.056645,1.057595,1.058862,2013-01-14 01:30:00,1.055159,stop_loss,0,2.500000,-30.944916,TP0,0.700000,129.691214,129.691214,-5.354538,-30.944916,,,,,,
113,2013-01-14 04:15:00,1.057003,long,1.000000,36.066381,False,Standard (NTI+MB+IC),1.056503,5.000000,1.057954,1.058905,1.060174,2013-01-14 05:15:00,1.057028,trailing_stop,0,1.000000,453.715967,TP0,0.700000,446.065186,446.065186,0.255026,453.715967,,,,,,
114,2013-01-14 05:30:00,1.056963,long,1.000000,43.324856,False,Standard (NTI+MB+IC),1.056463,5.000000,1.057915,1.058866,1.060134,2013-01-14 06:00:00,1.056965,trailing_stop,0,0.500000,194.203534,TP0,0.700000,193.592292,193.592292,0.020375,194.203534,,,,,,
115,2013-01-14 06:15:00,1.056581,long,1.000000,35.440877,False,Standard (NTI+MB+IC),1.056081,5.000000,1.057532,1.058482,1.059750,2013-01-14 07:15:00,1.056597,trailing_stop,0,1.000000,305.330395,TP0,0.700000,300.563984,300.563984,0.158880,305.330395,,,,,,
116,2013-01-14 12:00:00,1.055816,short,1.000000,40.448658,False,Standard (NTI+MB+IC),1.056288,4.711620,1.054866,1.053916,1.052649,2013-01-14 13:00:00,1.055795,trailing_stop,0,1.000000,171.769382,TP0,0.700000,165.463083,165.463083,0.210210,171.769382,,,,,,
117,2013-01-15 13:00:00,1.056067,long,1.000000,44.855665,False,Standard (NTI+MB+IC),1.055567,5.000000,1.057017,1.057968,1.059235,2013-01-15 13:45:00,1.056104,trailing_stop,0,0.750000,209.414951,TP0,0.700000,198.145828,198.145828,0.375637,209.414951,,,,,,
118,2013-01-16 04:45:00,1.053797,short,1.000000,40.875612,False,Standard (NTI+MB+IC),1.054297,5.000000,1.052848,1.051900,1.050635,2013-01-16 05:15:00,1.054460,stop_loss,0,0.500000,-663.518871,,,,,-6.635189,-663.518871,,,,,,
119,2013-01-16 16:15:00,1.057044,long,1.000000,52.868968,False,Standard (NTI+MB+IC),1.056544,5.000000,1.057995,1.058947,1.060215,2013-01-16 17:15:00,1.057012,trailing_stop,0,1.000000,267.657919,TP0,0.700000,277.152285,277.152285,-0.316479,267.657919,,,,,,
120,2013-01-16 18:30:00,1.055284,long,1.000000,24.127417,False,Standard (NTI+MB+IC),1.055638,3.541130,1.056234,1.057183,1.058450,2013-01-16 18:45:00,1.055538,stop_loss,0,0.250000,254.446982,,,,,2.544470,254.446982,,,,,,
121,2013-01-16 19:00:00,1.055508,long,1.000000,51.291944,False,Standard (NTI+MB+IC),1.055657,1.495167,1.056458,1.057408,1.058674,2013-01-16 19:30:00,1.055465,trailing_stop,0,0.500000,500.069229,TP0,0.700000,414.557714,508.603457,-0.424588,500.069229,TP0,0.099000,94.045743,,,
122,2013-01-16 19:45:00,1.054677,short,1.000000,46.095493,False,Standard (NTI+MB+IC),1.055177,5.000000,1.053728,1.052779,1.051513,2013-01-16 20:15:00,1.054665,trailing_stop,0,0.500000,148.294564,TP0,0.700000,144.854935,144.854935,0.114654,148.294564,,,,,,
123,2013-01-16 20:30:00,1.054643,short,1.000000,43.409710,False,Standard (NTI+MB+IC),1.055143,5.000000,1.053694,1.052745,1.051479,2013-01-17 13:00:00,1.051423,trailing_stop,0,16.500000,539.083034,TP0,0.700000,254.329336,411.257099,32.200968,539.083034,TP0,0.099000,93.968720,TP0,0.066330,62.959043
124,2013-01-17 13:30:00,1.054849,long,1.000000,29.649788,False,Standard (NTI+MB+IC),1.054349,5.000000,1.055798,1.056747,1.058013,2013-01-17 14:30:00,1.054821,trailing_stop,0,1.000000,223.804411,TP0,0.700000,232.006367,232.006367,-0.273399,223.804411,,,,,,
125,2013-01-18 05:30:00,1.049388,short,1.000000,45.510282,False,Standard (NTI+MB+IC),1.049888,5.000000,1.048443,1.047499,1.046240,2013-01-18 06:00:00,1.049933,stop_loss,0,0.500000,-544.875323,,,,,-5.448753,-544.875323,,,,,,
126,2013-01-21 20:15:00,1.050737,short,1.000000,47.277379,False,Standard (NTI+MB+IC),1.051237,5.000000,1.049792,1.048846,1.047585,2013-01-21 21:00:00,1.051249,stop_loss,0,0.750000,-15.331479,TP0,0.700000,138.213971,138.213971,-5.118182,-15.331479,,,,,,
127,2013-01-21 22:00:00,1.053581,long,1.000000,47.038672,False,Standard (NTI+MB+IC),1.053081,5.000000,1.054529,1.055477,1.056742,2013-01-21 22:30:00,1.053577,trailing_stop,0,0.500000,145.360222,TP0,0.700000,146.452696,146.452696,-0.036416,145.360222,,,,,,
128,2013-01-21 22:45:00,1.052618,long,1.000000,46.148123,False,Standard (NTI+MB+IC),1.052118,5.000000,1.053566,1.054513,1.055776,2013-01-22 21:30:00,1.055763,trailing_stop,0,22.750000,922.480200,TP0,0.700000,638.273291,794.899718,31.447005,922.480200,TP0,0.099000,93.788280,TP0,0.066330,62.838148
129,2013-01-22 21:45:00,1.053487,short,1.000000,54.312707,False,Standard (NTI+MB+IC),1.053987,5.000000,1.052539,1.051590,1.050326,2013-01-22 22:45:00,1.053512,trailing_stop,0,1.000000,158.074480,TP0,0.700000,165.652609,165.652609,-0.252604,158.074480,,,,,,
130,2013-01-22 23:00:00,1.053769,short,1.000000,49.045679,False,Standard (NTI+MB+IC),1.054269,5.000000,1.052820,1.051872,1.050607,2013-01-23 00:00:00,1.053781,trailing_stop,0,1.000000,142.355478,TP0,0.700000,146.035764,146.035764,-0.122676,142.355478,,,,,,
131,2013-01-23 00:15:00,1.053535,short,1.000000,32.610159,False,Standard (NTI+MB+IC),1.054035,5.000000,1.052587,1.051638,1.050374,2013-01-23 01:30:00,1.054213,stop_loss,0,1.250000,-678.479719,,,,,-6.784797,-678.479719,,,,,,
132,2013-01-23 02:30:00,1.055016,short,1.000000,14.122984,False,Standard (NTI+MB+IC),1.054971,0.453864,1.054066,1.053117,1.051851,2013-01-23 02:45:00,1.055132,stop_loss,0,0.250000,-116.187226,,,,,-1.161872,-116.187226,,,,,,
133,2013-01-23 03:00:00,1.054937,short,1.000000,16.342210,False,Standard (NTI+MB+IC),1.054944,0.063278,1.053988,1.053038,1.051772,2013-01-23 03:15:00,1.054947,stop_loss,0,0.250000,-9.964763,,,,,-0.099648,-9.964763,,,,,,
134,2013-01-23 03:30:00,1.055523,short,1.000000,35.652019,False,Standard (NTI+MB+IC),1.054941,5.819454,1.054573,1.053623,1.052357,2013-01-23 03:45:00,1.054961,stop_loss,0,0.250000,561.893469,,,,,5.618935,561.893469,,,,,,
135,2013-01-23 04:00:00,1.055884,long,1.000000,40.146225,False,Standard (NTI+MB+IC),1.055384,5.000000,1.056834,1.057784,1.059051,2013-01-23 06:00:00,1.055888,trailing_stop,0,2.000000,474.656742,TP0,0.700000,473.400968,473.400968,0.041859,474.656742,,,,,,
136,2013-01-23 07:00:00,1.055579,long,1.000000,32.698453,False,Standard (NTI+MB+IC),1.055079,5.000000,1.056529,1.057479,1.058746,2013-01-23 08:00:00,1.055027,stop_loss,0,1.000000,-552.290141,,,,,-5.522901,-552.290141,,,,,,
137,2013-01-23 19:00:00,1.052095,short,1.000000,40.729762,False,Standard (NTI+MB+IC),1.052595,5.000000,1.051148,1.050201,1.048939,2013-01-23 21:00:00,1.052689,stop_loss,0,2.000000,-593.723594,,,,,-5.937236,-593.723594,,,,,,
138,2013-01-23 21:30:00,1.054140,short,1.000000,19.334737,False,Standard (NTI+MB+IC),1.054448,3.081050,1.053191,1.052243,1.050978,2013-04-10 10:15:00,1.013251,trailing_stop,0,1836.750000,830.750511,TP0,0.700000,546.132660,702.985558,408.894581,830.750511,TP0,0.099000,93.923891,TP0,0.066330,62.929007
139,2013-04-10 10:45:00,1.053815,long,1.000000,31.836079,False,Standard (NTI+MB+IC),1.053315,5.000000,1.054764,1.055712,1.056977,2013-04-10 11:30:00,1.054069,trailing_stop,0,0.750000,908.402043,TP0,0.700000,717.400762,874.205294,2.539300,908.402043,TP0,0.099000,93.894929,TP0,0.066330,62.909603
140,2013-04-10 12:15:00,1.054135,long,1.000000,26.612577,False,Standard (NTI+MB+IC),1.053635,5.000000,1.055084,1.056032,1.057297,2013-04-10 16:00:00,1.054094,trailing_stop,0,3.750000,110.490093,TP0,0.700000,122.636142,122.636142,-0.404868,110.490093,,,,,,
141,2013-04-10 21:30:00,1.051135,long,1.000000,14.264230,False,Standard (NTI+MB+IC),1.053241,21.055127,1.052081,1.053027,1.054289,2013-04-10 22:00:00,1.051116,trailing_stop,0,0.500000,604.185195,TP0,0.700000,514.354886,608.011033,-0.190340,604.185195,TP0,0.099000,93.656147,,,
142,2013-04-10 22:30:00,1.050545,short,1.000000,45.541305,False,Standard (NTI+MB+IC),1.051045,5.000000,1.049600,1.048654,1.047393,2013-04-10 23:00:00,1.050507,trailing_stop,0,0.500000,168.851240,TP0,0.700000,157.557919,157.557919,0.376444,168.851240,,,,,,
143,2013-04-10 23:15:00,1.050937,short,1.000000,50.654783,False,Standard (NTI+MB+IC),1.051437,5.000000,1.049991,1.049045,1.047784,2013-04-11 00:15:00,1.051523,stop_loss,0,1.000000,-585.895897,,,,,-5.858959,-585.895897,,,,,,
144,2013-04-11 00:30:00,1.051932,short,1.000000,18.392300,False,Standard (NTI+MB+IC),1.052432,5.000000,1.050985,1.050038,1.048776,2013-04-11 02:30:00,1.051922,trailing_stop,0,2.000000,165.039055,TP0,0.700000,162.121910,162.121910,0.097238,165.039055,,,,,,
145,2013-04-11 03:30:00,1.055962,short,1.000000,32.137517,False,Standard (NTI+MB+IC),1.052925,30.367656,1.055012,1.054061,1.052794,2013-04-11 03:45:00,1.055616,signal_flip,0,0.250000,346.323016,,,,,3.463230,346.323016,,,,,,
146,2013-04-11 04:00:00,1.056578,long,1.000000,43.977030,False,Standard (NTI+MB+IC),1.056078,5.000000,1.057529,1.058480,1.059748,2013-04-11 05:00:00,1.056743,trailing_stop,0,1.000000,866.679931,TP0,0.700000,652.358583,809.574228,1.645344,866.679931,TP0,0.099000,94.141105,TP0,0.066330,63.074540
147,2013-04-11 05:15:00,1.056471,long,1.000000,54.016460,False,Standard (NTI+MB+IC),1.055971,5.000000,1.057422,1.058372,1.059640,2013-04-11 08:30:00,1.056421,trailing_stop,0,3.250000,580.207842,TP0,0.700000,335.471749,492.671428,-0.493555,580.207842,TP0,0.099000,94.131544,TP0,0.066330,63.068135
148,2013-04-11 08:45:00,1.055967,long,1.000000,17.418298,False,Standard (NTI+MB+IC),1.055467,5.000000,1.056917,1.057868,1.059135,2013-04-11 09:30:00,1.055312,stop_loss,0,0.750000,-655.037935,,,,,-6.550379,-655.037935,,,,,,
149,2013-04-11 09:45:00,1.055603,long,1.000000,19.629233,False,Standard (NTI+MB+IC),1.055103,5.000000,1.056553,1.057503,1.058770,2013-04-11 11:30:00,1.055605,trailing_stop,0,1.750000,792.075985,TP0,0.700000,592.652710,749.723322,0.014597,792.075985,TP0,0.099000,94.054259,TP0,0.066330,63.016353
150,2013-04-11 14:15:00,1.054674,short,1.000000,43.801242,False,Standard (NTI+MB+IC),1.055174,5.000000,1.053725,1.052776,1.051510,2013-04-11 18:45:00,1.054661,trailing_stop,0,4.500000,308.001027,TP0,0.700000,107.758190,264.690508,0.124875,308.001027,TP0,0.099000,93.971448,TP0,0.066330,62.960870
151,2013-04-11 23:45:00,1.055202,long,1.000000,47.678871,False,Standard (NTI+MB+IC),1.054702,5.000000,1.056151,1.057101,1.058367,2013-04-12 00:15:00,1.055186,trailing_stop,0,0.500000,183.081295,TP0,0.700000,187.817269,187.817269,-0.157866,183.081295,,,,,,
152,2013-04-12 01:00:00,1.055387,long,1.000000,42.859131,False,Standard (NTI+MB+IC),1.054887,5.000000,1.056337,1.057287,1.058553,2013-04-12 01:30:00,1.054777,stop_loss,0,0.500000,-610.071292,,,,,-6.100713,-610.071292,,,,,,
153,2013-04-12 03:45:00,1.053947,short,1.000000,41.964158,False,Standard (NTI+MB+IC),1.054447,5.000000,1.052998,1.052049,1.050785,2013-04-12 04:30:00,1.054609,stop_loss,0,0.750000,-68.231613,TP0,0.700000,130.607034,130.607034,-6.627955,-68.231613,,,,,,
154,2013-04-12 04:45:00,1.053894,short,1.000000,36.924553,False,Standard (NTI+MB+IC),1.054394,5.000000,1.052945,1.051997,1.050732,2016-10-11 00:15:00,0.755230,end_of_data,0,30667.500000,1309.147706,TP0,0.700000,1024.596405,1181.412627,2986.637091,1309.147706,TP0,0.099000,93.901929,TP0,0.066330,62.914293
