trade_id,entry_time,entry_price,direction,initial_size_millions,confidence,is_relaxed,entry_logic,sl_price,sl_distance_pips,tp1_price,tp2_price,tp3_price,exit_time,exit_price,exit_reason,tp_hits,trade_duration_hours,final_pnl,partial_exit_1_type,partial_exit_1_size_m,partial_exit_1_pnl,partial_exit_2_type,partial_exit_2_size_m,partial_exit_2_pnl,partial_exit_3_type,partial_exit_3_size_m,partial_exit_3_pnl,partial_pnl_total,final_exit_pips,pnl_per_million
1,2023-01-06 04:00:00,0.674726,short,1.000000,44.525081,False,Standard (NTI+MB+IC),0.675726,10.000000,0.673714,0.672702,0.671352,2023-01-06 08:30:00,0.673714,tp1_pullback,2,4.500000,1265.111466,TP1,0.500000,506.044587,TP2,0.250000,506.044587,PPT,0.250000,253.022293,1265.111466,10.120892,1265.111466
2,2023-01-06 08:45:00,0.678770,short,1.000000,29.510232,False,Standard (NTI+MB+IC),0.679770,10.000000,0.677752,0.676734,0.675376,2023-01-06 09:30:00,0.675376,take_profit_3,3,0.750000,1866.617447,TP1,0.500000,509.077485,TP2,0.250000,509.077485,TP3,0.250000,848.462476,1866.617447,33.938499,1866.617447
3,2023-01-06 09:45:00,0.674782,short,1.000000,22.025774,False,Standard (NTI+MB+IC),0.675782,10.000000,0.673770,0.672757,0.671408,2023-01-06 10:00:00,0.675824,stop_loss,0,0.250000,-1042.712148,PPT,1.000000,-1042.712148,,,,,,,-1042.712148,-10.427121,-1042.712148
4,2023-01-06 12:00:00,0.686324,long,1.000000,62.315375,False,Standard (NTI+MB+IC),0.685324,10.000000,0.687354,0.688383,0.689756,2023-01-08 17:00:00,0.687354,tp1_pullback,2,53.000000,1286.857902,TP1,0.500000,514.743161,TP2,0.250000,514.743161,PPT,0.250000,257.371580,1286.857902,10.294863,1286.857902
5,2023-01-08 17:15:00,0.687493,long,1.000000,43.233826,False,Standard (NTI+MB+IC),0.686493,10.000000,0.688524,0.689555,0.690930,2023-01-08 19:30:00,0.688524,tp1_pullback,2,2.250000,1289.048800,TP1,0.500000,515.619520,TP2,0.250000,515.619520,PPT,0.250000,257.809760,1289.048800,10.312390,1289.048800
6,2023-01-08 19:45:00,0.689989,long,1.000000,52.845923,False,Standard (NTI+MB+IC),0.688989,10.000000,0.691024,0.692059,0.693439,2023-01-08 20:15:00,0.688895,stop_loss,0,0.500000,-1093.687787,PPT,1.000000,-1093.687787,,,,,,,-1093.687787,-10.936878,-1093.687787
7,2023-01-08 20:30:00,0.690437,long,1.000000,46.443319,False,Standard (NTI+MB+IC),0.689437,10.000000,0.691473,0.692508,0.693889,2023-01-08 22:00:00,0.691473,tp1_pullback,2,1.500000,1294.569593,TP1,0.500000,517.827837,TP2,0.250000,517.827837,PPT,0.250000,258.913919,1294.569593,10.356557,1294.569593
8,2023-01-08 22:15:00,0.691640,long,1.000000,38.757513,False,Standard (NTI+MB+IC),0.690640,10.000000,0.692678,0.693715,0.695098,2023-01-09 02:30:00,0.692678,tp1_pullback,2,4.250000,1296.825212,TP1,0.500000,518.730085,TP2,0.250000,518.730085,PPT,0.250000,259.365042,1296.825212,10.374602,1296.825212
9,2023-01-09 02:45:00,0.691569,long,1.000000,17.784122,False,Standard (NTI+MB+IC),0.690569,10.000000,0.692607,0.693644,0.695027,2023-01-09 03:00:00,0.691591,trailing_stop,1,0.250000,529.322199,TP1,0.500000,518.677093,PPT,0.500000,10.645107,,,,529.322199,0.212902,529.322199
10,2023-01-09 03:15:00,0.693316,long,1.000000,30.746330,False,Standard (NTI+MB+IC),0.692316,10.000000,0.694356,0.695396,0.696783,2023-01-09 04:00:00,0.692277,stop_loss,0,0.750000,-1039.304941,PPT,1.000000,-1039.304941,,,,,,,-1039.304941,-10.393049,-1039.304941
11,2023-01-10 22:30:00,0.690188,long,1.000000,36.135130,False,Standard (NTI+MB+IC),0.689188,10.000000,0.691224,0.692259,0.693639,2023-01-11 01:30:00,0.691224,tp1_pullback,2,3.000000,1294.103277,TP1,0.500000,517.641311,TP2,0.250000,517.641311,PPT,0.250000,258.820655,1294.103277,10.352826,1294.103277
12,2023-01-11 02:15:00,0.691376,long,1.000000,20.824813,False,Standard (NTI+MB+IC),0.690376,10.000000,0.692413,0.693450,0.694832,2023-01-11 02:30:00,0.690226,stop_loss,0,0.250000,-1149.616244,PPT,1.000000,-1149.616244,,,,,,,-1149.616244,-11.496162,-1149.616244
13,2023-01-11 02:45:00,0.690527,long,1.000000,17.921170,False,Standard (NTI+MB+IC),0.689527,10.000000,0.691563,0.692599,0.693980,2023-01-11 03:15:00,0.689490,stop_loss,0,0.500000,-1037.055031,PPT,1.000000,-1037.055031,,,,,,,-1037.055031,-10.370550,-1037.055031
14,2023-01-15 20:45:00,0.701427,long,1.000000,49.330670,False,Standard (NTI+MB+IC),0.700427,10.000000,0.702479,0.703531,0.704934,2023-01-15 23:00:00,0.700320,stop_loss,0,2.250000,-1106.554306,PPT,1.000000,-1106.554306,,,,,,,-1106.554306,-11.065543,-1106.554306
15,2023-01-15 23:15:00,0.700543,long,1.000000,51.212589,False,Standard (NTI+MB+IC),0.699543,10.000000,0.701593,0.702644,0.704045,2023-01-15 23:45:00,0.699395,stop_loss,0,0.500000,-1147.358763,PPT,1.000000,-1147.358763,,,,,,,-1147.358763,-11.473588,-1147.358763
16,2023-01-16 00:00:00,0.699466,long,1.000000,23.214637,False,Standard (NTI+MB+IC),0.698466,10.000000,0.700515,0.701564,0.702963,2023-01-16 01:00:00,0.698460,stop_loss,0,1.000000,-1005.793168,PPT,1.000000,-1005.793168,,,,,,,-1005.793168,-10.057932,-1005.793168
17,2023-01-16 01:15:00,0.698049,long,1.000000,23.809909,False,Standard (NTI+MB+IC),0.697049,10.000000,0.699096,0.700143,0.701539,2023-01-16 01:45:00,0.696967,stop_loss,0,0.500000,-1081.528167,PPT,1.000000,-1081.528167,,,,,,,-1081.528167,-10.815282,-1081.528167
18,2023-01-16 02:00:00,0.697772,long,1.000000,28.149283,False,Standard (NTI+MB+IC),0.696772,10.000000,0.698819,0.699865,0.701261,2023-01-16 02:30:00,0.696673,stop_loss,0,0.500000,-1098.853110,PPT,1.000000,-1098.853110,,,,,,,-1098.853110,-10.988531,-1098.853110
19,2023-01-16 19:15:00,0.696666,long,1.000000,45.017238,False,Standard (NTI+MB+IC),0.695666,10.000000,0.697711,0.698756,0.700149,2023-01-16 21:15:00,0.695616,stop_loss,1,2.000000,-2.162375,TP1,0.500000,522.499269,PPT,0.500000,-524.661644,,,,-2.162375,-10.493233,-2.162375
20,2023-01-17 11:15:00,0.698611,long,1.000000,50.509668,False,Standard (NTI+MB+IC),0.697611,10.000000,0.699659,0.700707,0.702104,2023-01-17 12:45:00,0.697547,stop_loss,0,1.500000,-1064.033683,PPT,1.000000,-1064.033683,,,,,,,-1064.033683,-10.640337,-1064.033683
21,2023-01-17 14:30:00,0.699573,long,1.000000,43.436246,False,Standard (NTI+MB+IC),0.698573,10.000000,0.700623,0.701672,0.703071,2023-01-17 15:30:00,0.698555,stop_loss,0,1.000000,-1018.661729,PPT,1.000000,-1018.661729,,,,,,,-1018.661729,-10.186617,-1018.661729
22,2023-01-18 02:00:00,0.702077,long,1.000000,23.341410,False,Standard (NTI+MB+IC),0.701077,10.000000,0.703130,0.704184,0.705588,2023-01-18 04:00:00,0.700966,stop_loss,1,2.000000,-28.882783,TP1,0.500000,526.558003,PPT,0.500000,-555.440787,,,,-28.882783,-11.108816,-28.882783
23,2023-01-18 12:00:00,0.697200,long,1.000000,45.278370,False,Standard (NTI+MB+IC),0.696431,7.691948,0.698246,0.699292,0.700686,2023-01-18 12:15:00,0.696412,stop_loss,0,0.250000,-787.833966,PPT,1.000000,-787.833966,,,,,,,-787.833966,-7.878340,-787.833966
24,2023-01-18 16:15:00,0.693839,short,1.000000,61.900913,False,Standard (NTI+MB+IC),0.694839,10.000000,0.692798,0.691757,0.690370,2023-01-18 20:45:00,0.690370,take_profit_3,3,4.500000,1908.056664,TP1,0.500000,520.379090,TP2,0.250000,520.379090,TP3,0.250000,867.298484,1908.056664,34.691939,1908.056664
25,2023-01-18 21:00:00,0.689517,short,1.000000,58.263727,False,Standard (NTI+MB+IC),0.690517,10.000000,0.688483,0.687448,0.686069,2023-01-18 21:30:00,0.690651,stop_loss,0,0.500000,-1133.471172,PPT,1.000000,-1133.471172,,,,,,,-1133.471172,-11.334712,-1133.471172
26,2023-01-18 21:45:00,0.690468,short,1.000000,56.632369,False,Standard (NTI+MB+IC),0.691468,10.000000,0.689432,0.688396,0.687015,2023-01-18 22:45:00,0.691520,stop_loss,0,1.000000,-1052.413158,PPT,1.000000,-1052.413158,,,,,,,-1052.413158,-10.524132,-1052.413158
27,2023-01-18 23:00:00,0.689784,short,1.000000,32.313414,False,Standard (NTI+MB+IC),0.690784,10.000000,0.688749,0.687715,0.686335,2023-01-19 05:45:00,0.688749,tp1_pullback,2,6.750000,1293.345115,TP1,0.500000,517.338046,TP2,0.250000,517.338046,PPT,0.250000,258.669023,1293.345115,10.346761,1293.345115
28,2023-01-19 06:00:00,0.688262,short,1.000000,32.529800,False,Standard (NTI+MB+IC),0.689262,10.000000,0.687230,0.686197,0.684821,2023-01-19 08:30:00,0.689399,stop_loss,1,2.500000,-52.168707,TP1,0.500000,516.196601,PPT,0.500000,-568.365308,,,,-52.168707,-11.367306,-52.168707
29,2023-01-19 08:45:00,0.690358,short,1.000000,15.182257,False,Standard (NTI+MB+IC),0.691358,10.000000,0.689323,0.688287,0.686907,2023-01-19 09:15:00,0.691470,stop_loss,0,0.500000,-1111.511932,PPT,1.000000,-1111.511932,,,,,,,-1111.511932,-11.115119,-1111.511932
30,2023-01-19 09:30:00,0.690956,short,1.000000,19.301243,False,Standard (NTI+MB+IC),0.691956,10.000000,0.689919,0.688883,0.687501,2023-01-19 11:00:00,0.689919,tp1_pullback,2,1.500000,1295.542196,TP1,0.500000,518.216879,TP2,0.250000,518.216879,PPT,0.250000,259.108439,1295.542196,10.364338,1295.542196
31,2023-01-20 12:15:00,0.696062,long,1.000000,42.179233,False,Standard (NTI+MB+IC),0.695062,10.000000,0.697106,0.698150,0.699542,2023-01-20 13:15:00,0.694964,stop_loss,0,1.000000,-1098.384934,PPT,1.000000,-1098.384934,,,,,,,-1098.384934,-10.983849,-1098.384934
32,2023-01-20 13:30:00,0.696280,long,1.000000,44.162422,False,Standard (NTI+MB+IC),0.695280,10.000000,0.697325,0.698369,0.699762,2023-01-22 19:15:00,0.697325,tp1_pullback,2,53.750000,1305.525299,TP1,0.500000,522.210119,TP2,0.250000,522.210119,PPT,0.250000,261.105060,1305.525299,10.444202,1305.525299
33,2023-01-22 19:30:00,0.697819,long,1.000000,31.372595,False,Standard (NTI+MB+IC),0.696819,10.000000,0.698865,0.699912,0.701308,2023-01-22 23:15:00,0.697827,trailing_stop,1,3.750000,527.483683,TP1,0.500000,523.363908,PPT,0.500000,4.119775,,,,527.483683,0.082395,527.483683
34,2023-01-23 05:00:00,0.700583,long,1.000000,46.458112,False,Standard (NTI+MB+IC),0.699583,10.000000,0.701634,0.702685,0.704086,2023-01-23 06:30:00,0.699422,stop_loss,0,1.500000,-1161.091787,PPT,1.000000,-1161.091787,,,,,,,-1161.091787,-11.610918,-1161.091787
35,2023-01-23 07:00:00,0.698606,long,1.000000,19.362524,False,Standard (NTI+MB+IC),0.697606,10.000000,0.699654,0.700702,0.702099,2023-01-23 08:45:00,0.697601,stop_loss,1,1.750000,21.303483,TP1,0.500000,523.954598,PPT,0.500000,-502.651115,,,,21.303483,-10.053022,21.303483
36,2023-01-23 11:15:00,0.702632,long,1.000000,37.313637,False,Standard (NTI+MB+IC),0.701632,10.000000,0.703686,0.704740,0.706145,2023-01-23 14:45:00,0.701534,stop_loss,1,3.500000,-21.848153,TP1,0.500000,526.973973,PPT,0.500000,-548.822126,,,,-21.848153,-10.976443,-21.848153
37,2023-01-23 21:00:00,0.704265,long,1.000000,40.639893,False,Standard (NTI+MB+IC),0.703265,10.000000,0.705321,0.706378,0.707786,2023-01-23 22:45:00,0.703222,stop_loss,0,1.750000,-1043.092273,PPT,1.000000,-1043.092273,,,,,,,-1043.092273,-10.430923,-1043.092273
38,2023-01-24 04:15:00,0.701903,long,1.000000,48.104570,False,Standard (NTI+MB+IC),0.700903,10.000000,0.702956,0.704009,0.705413,2023-01-24 09:15:00,0.700795,stop_loss,1,5.000000,-27.420599,TP1,0.500000,526.427337,PPT,0.500000,-553.847936,,,,-27.420599,-11.076959,-27.420599
39,2023-01-24 19:30:00,0.706441,long,1.000000,29.333082,False,Standard (NTI+MB+IC),0.705441,10.000000,0.707501,0.708560,0.709973,2023-01-24 19:45:00,0.706511,trailing_stop,1,0.250000,564.672511,TP1,0.500000,529.830832,PPT,0.500000,34.841679,,,,564.672511,0.696834,564.672511
40,2023-01-24 20:30:00,0.708297,long,1.000000,47.092136,False,Standard (NTI+MB+IC),0.707297,10.000000,0.709360,0.710422,0.711839,2023-01-25 00:45:00,0.709360,tp1_pullback,2,4.250000,1328.057709,TP1,0.500000,531.223084,TP2,0.250000,531.223084,PPT,0.250000,265.611542,1328.057709,10.624462,1328.057709
41,2023-01-25 01:00:00,0.710645,long,1.000000,57.484919,False,Standard (NTI+MB+IC),0.709645,10.000000,0.711711,0.712777,0.714198,2023-01-25 03:00:00,0.709580,stop_loss,1,2.000000,0.514482,TP1,0.500000,532.983704,PPT,0.500000,-532.469222,,,,0.514482,-10.649384,0.514482
42,2023-01-25 03:15:00,0.709909,long,1.000000,19.219260,False,Standard (NTI+MB+IC),0.708909,10.000000,0.710974,0.712039,0.713458,2023-01-25 05:00:00,0.708889,stop_loss,0,1.750000,-1019.732914,PPT,1.000000,-1019.732914,,,,,,,-1019.732914,-10.197329,-1019.732914
43,2023-01-25 05:15:00,0.708614,long,1.000000,16.841022,False,Standard (NTI+MB+IC),0.707614,10.000000,0.709677,0.710740,0.712157,2023-01-25 07:15:00,0.707590,stop_loss,0,2.000000,-1024.077021,PPT,1.000000,-1024.077021,,,,,,,-1024.077021,-10.240770,-1024.077021
44,2023-01-25 14:15:00,0.709962,long,1.000000,49.155753,False,Standard (NTI+MB+IC),0.708962,10.000000,0.711027,0.712092,0.713511,2023-01-25 22:15:00,0.711027,tp1_pullback,2,8.000000,1331.178063,TP1,0.500000,532.471225,TP2,0.250000,532.471225,PPT,0.250000,266.235613,1331.178063,10.649425,1331.178063
45,2023-01-30 23:15:00,0.702661,short,1.000000,41.794167,False,Standard (NTI+MB+IC),0.703661,10.000000,0.701607,0.700553,0.699147,2023-01-30 23:45:00,0.703689,stop_loss,0,0.500000,-1028.707878,PPT,1.000000,-1028.707878,,,,,,,-1028.707878,-10.287079,-1028.707878
46,2023-01-31 03:00:00,0.702031,short,1.000000,27.332747,False,Standard (NTI+MB+IC),0.703031,10.000000,0.700977,0.699924,0.698520,2023-01-31 06:15:00,0.698520,take_profit_3,3,3.250000,1930.583940,TP1,0.500000,526.522893,TP2,0.250000,526.522893,TP3,0.250000,877.538154,1930.583940,35.101526,1930.583940
47,2023-01-31 06:30:00,0.699696,short,1.000000,53.661479,False,Standard (NTI+MB+IC),0.700696,10.000000,0.698646,0.697597,0.696197,2023-01-31 08:30:00,0.700818,stop_loss,0,2.000000,-1122.243469,PPT,1.000000,-1122.243469,,,,,,,-1122.243469,-11.222435,-1122.243469
48,2023-01-31 08:45:00,0.702544,short,1.000000,22.320733,False,Standard (NTI+MB+IC),0.703544,10.000000,0.701490,0.700436,0.699031,2023-01-31 10:15:00,0.703554,stop_loss,1,1.500000,21.893824,TP1,0.500000,526.907636,PPT,0.500000,-505.013813,,,,21.893824,-10.100276,21.893824
49,2023-01-31 10:30:00,0.704652,short,1.000000,19.618739,False,Standard (NTI+MB+IC),0.705652,10.000000,0.703595,0.702538,0.701129,2023-01-31 13:30:00,0.705822,stop_loss,0,3.000000,-1170.047534,PPT,1.000000,-1170.047534,,,,,,,-1170.047534,-11.700475,-1170.047534
50,2023-02-01 03:00:00,0.707371,long,1.000000,46.512992,False,Standard (NTI+MB+IC),0.706371,10.000000,0.708432,0.709493,0.710908,2023-02-01 10:00:00,0.706321,stop_loss,1,7.000000,5.274579,TP1,0.500000,530.528339,PPT,0.500000,-525.253761,,,,5.274579,-10.505075,5.274579
51,2023-02-01 10:15:00,0.707478,long,1.000000,19.199053,False,Standard (NTI+MB+IC),0.706478,10.000000,0.708540,0.709601,0.711016,2023-02-01 11:45:00,0.706460,stop_loss,0,1.500000,-1018.342041,PPT,1.000000,-1018.342041,,,,,,,-1018.342041,-10.183420,-1018.342041
52,2023-02-01 12:00:00,0.706278,long,1.000000,16.789694,False,Standard (NTI+MB+IC),0.705918,3.605505,0.707338,0.708397,0.709810,2023-02-01 14:00:00,0.705828,stop_loss,1,2.000000,304.646995,TP1,0.500000,529.708676,PPT,0.500000,-225.061680,,,,304.646995,-4.501234,304.646995
53,2023-02-01 15:00:00,0.711304,long,1.000000,37.869601,False,Standard (NTI+MB+IC),0.710304,10.000000,0.712371,0.713438,0.714860,2023-02-01 15:15:00,0.711381,trailing_stop,1,0.250000,572.042293,TP1,0.500000,533.477980,PPT,0.500000,38.564313,,,,572.042293,0.771286,572.042293
54,2023-02-01 15:30:00,0.714210,long,1.000000,38.169262,False,Standard (NTI+MB+IC),0.713210,10.000000,0.715281,0.716352,0.717781,2023-02-01 15:45:00,0.713024,stop_loss,0,0.250000,-1185.808127,PPT,1.000000,-1185.808127,,,,,,,-1185.808127,-11.858081,-1185.808127
55,2023-02-01 16:00:00,0.713178,long,1.000000,37.263892,False,Standard (NTI+MB+IC),0.712178,10.000000,0.714248,0.715318,0.716744,2023-02-01 18:00:00,0.713202,trailing_stop,2,2.000000,1075.740012,TP1,0.500000,534.883866,TP2,0.250000,534.883866,PPT,0.250000,5.972281,1075.740012,0.238891,1075.740012
56,2023-02-01 18:15:00,0.714911,long,1.000000,35.715677,False,Standard (NTI+MB+IC),0.713911,10.000000,0.715983,0.717056,0.718486,2023-02-01 20:30:00,0.713855,stop_loss,0,2.250000,-1056.559253,PPT,1.000000,-1056.559253,,,,,,,-1056.559253,-10.565593,-1056.559253
57,2023-02-01 21:00:00,0.713929,long,1.000000,32.001650,False,Standard (NTI+MB+IC),0.712929,10.000000,0.715000,0.716071,0.717499,2023-02-02 04:00:00,0.712801,stop_loss,1,7.000000,-28.601975,TP1,0.500000,535.446955,PPT,0.500000,-564.048930,,,,-28.601975,-11.280979,-28.601975
58,2023-02-02 17:00:00,0.707747,short,1.000000,19.166936,False,Standard (NTI+MB+IC),0.708747,10.000000,0.706686,0.705624,0.704209,2023-02-03 00:30:00,0.706686,tp1_pullback,2,7.500000,1327.026524,TP1,0.500000,530.810610,TP2,0.250000,530.810610,PPT,0.250000,265.405305,1327.026524,10.616212,1327.026524
59,2023-02-03 08:30:00,0.698538,short,1.000000,26.890185,False,Standard (NTI+MB+IC),0.699538,10.000000,0.697491,0.696443,0.695046,2023-02-03 09:30:00,0.697491,tp1_pullback,2,1.000000,1309.759413,TP1,0.500000,523.903765,TP2,0.250000,523.903765,PPT,0.250000,261.951883,1309.759413,10.478075,1309.759413
60,2023-02-03 09:45:00,0.697553,short,1.000000,50.891659,False,Standard (NTI+MB+IC),0.698553,10.000000,0.696507,0.695461,0.694065,2023-02-03 10:00:00,0.694065,take_profit_3,3,0.250000,1918.271325,TP1,0.500000,523.164907,TP2,0.250000,523.164907,TP3,0.250000,871.941511,1918.271325,34.877660,1918.271325
61,2023-02-03 10:15:00,0.697613,short,1.000000,53.598361,False,Standard (NTI+MB+IC),0.698613,10.000000,0.696567,0.695520,0.694125,2023-02-03 10:30:00,0.698680,stop_loss,0,0.250000,-1067.199061,PPT,1.000000,-1067.199061,,,,,,,-1067.199061,-10.671991,-1067.199061
62,2023-02-03 10:45:00,0.697482,short,1.000000,51.513950,False,Standard (NTI+MB+IC),0.698482,10.000000,0.696436,0.695390,0.693995,2023-02-03 13:00:00,0.693995,take_profit_3,3,2.250000,1918.076600,TP1,0.500000,523.111800,TP2,0.250000,523.111800,TP3,0.250000,871.853000,1918.076600,34.874120,1918.076600
63,2023-02-03 13:15:00,0.693267,short,1.000000,55.971622,False,Standard (NTI+MB+IC),0.694267,10.000000,0.692227,0.691187,0.689801,2023-02-05 17:00:00,0.689801,take_profit_3,3,51.750000,2040.833199,TP1,0.500000,519.950396,TP2,0.250000,654.298809,TP3,0.250000,866.583994,2040.833199,34.663360,2040.833199
64,2023-02-05 17:15:00,0.690611,short,1.000000,66.412029,False,Standard (NTI+MB+IC),0.691611,10.000000,0.689575,0.688539,0.687158,2023-02-05 18:00:00,0.691721,stop_loss,0,0.750000,-1109.972715,PPT,1.000000,-1109.972715,,,,,,,-1109.972715,-11.099727,-1109.972715
65,2023-02-05 18:15:00,0.692615,short,1.000000,24.288317,False,Standard (NTI+MB+IC),0.693615,10.000000,0.691576,0.690537,0.689152,2023-02-05 21:30:00,0.692574,trailing_stop,1,3.250000,539.853548,TP1,0.500000,519.461266,PPT,0.500000,20.392283,,,,539.853548,0.407846,539.853548
66,2023-02-05 21:45:00,0.692064,short,1.000000,19.439033,False,Standard (NTI+MB+IC),0.693064,10.000000,0.691026,0.689988,0.688604,2023-02-05 23:00:00,0.693068,stop_loss,0,1.250000,-1003.995988,PPT,1.000000,-1003.995988,,,,,,,-1003.995988,-10.039960,-1003.995988
67,2023-02-05 23:15:00,0.693746,short,1.000000,13.811646,False,Standard (NTI+MB+IC),0.694746,10.000000,0.692705,0.691665,0.690277,2023-02-06 00:45:00,0.694780,stop_loss,0,1.500000,-1033.907805,PPT,1.000000,-1033.907805,,,,,,,-1033.907805,-10.339078,-1033.907805
68,2023-02-06 04:45:00,0.689492,short,1.000000,44.201174,False,Standard (NTI+MB+IC),0.690492,10.000000,0.688458,0.687424,0.686045,2023-02-06 07:00:00,0.690590,stop_loss,0,2.250000,-1097.651387,PPT,1.000000,-1097.651387,,,,,,,-1097.651387,-10.976514,-1097.651387
69,2023-02-06 09:15:00,0.688152,short,1.000000,36.669606,False,Standard (NTI+MB+IC),0.689152,10.000000,0.687120,0.686087,0.684711,2023-02-06 09:30:00,0.689345,stop_loss,0,0.250000,-1193.081000,PPT,1.000000,-1193.081000,,,,,,,-1193.081000,-11.930810,-1193.081000
70,2023-02-06 09:45:00,0.687852,short,1.000000,35.819280,False,Standard (NTI+MB+IC),0.688852,10.000000,0.686820,0.685788,0.684413,2023-02-06 11:00:00,0.686820,tp1_pullback,2,1.250000,1289.722601,TP1,0.500000,515.889040,TP2,0.250000,515.889040,PPT,0.250000,257.944520,1289.722601,10.317781,1289.722601
71,2023-02-06 11:15:00,0.687058,short,1.000000,42.194851,False,Standard (NTI+MB+IC),0.688058,10.000000,0.686028,0.684997,0.683623,2023-02-06 13:45:00,0.688099,stop_loss,0,2.500000,-1040.661055,PPT,1.000000,-1040.661055,,,,,,,-1040.661055,-10.406611,-1040.661055
72,2023-02-06 14:00:00,0.689055,short,1.000000,15.249058,False,Standard (NTI+MB+IC),0.690055,10.000000,0.688022,0.686988,0.685610,2023-02-06 20:45:00,0.690063,stop_loss,1,6.750000,12.984052,TP1,0.500000,516.791369,PPT,0.500000,-503.807317,,,,12.984052,-10.076146,12.984052
73,2023-02-07 09:00:00,0.690401,short,1.000000,49.478190,False,Standard (NTI+MB+IC),0.691401,10.000000,0.689365,0.688330,0.686949,2023-02-07 10:45:00,0.690301,trailing_stop,1,1.750000,567.726215,TP1,0.500000,517.800745,PPT,0.500000,49.925470,,,,567.726215,0.998509,567.726215
74,2023-02-07 11:30:00,0.692161,short,1.000000,23.977426,False,Standard (NTI+MB+IC),0.693161,10.000000,0.691123,0.690084,0.688700,2023-02-07 12:30:00,0.693165,stop_loss,0,1.000000,-1004.539969,PPT,1.000000,-1004.539969,,,,,,,-1004.539969,-10.045400,-1004.539969
75,2023-02-08 04:15:00,0.698733,long,1.000000,32.450923,False,Standard (NTI+MB+IC),0.697733,10.000000,0.699781,0.700829,0.702226,2023-02-08 05:00:00,0.697639,stop_loss,0,0.750000,-1093.883673,PPT,1.000000,-1093.883673,,,,,,,-1093.883673,-10.938837,-1093.883673
76,2023-02-08 10:30:00,0.693138,short,1.000000,43.761304,False,Standard (NTI+MB+IC),0.694138,10.000000,0.692098,0.691058,0.689672,2023-02-08 11:00:00,0.694160,stop_loss,0,0.500000,-1022.284326,PPT,1.000000,-1022.284326,,,,,,,-1022.284326,-10.222843,-1022.284326
77,2023-02-08 11:15:00,0.692887,short,1.000000,49.392814,False,Standard (NTI+MB+IC),0.693887,10.000000,0.691848,0.690809,0.689423,2023-02-08 11:45:00,0.693901,stop_loss,0,0.500000,-1013.657001,PPT,1.000000,-1013.657001,,,,,,,-1013.657001,-10.136570,-1013.657001
78,2023-02-08 12:00:00,0.693818,short,1.000000,44.278900,False,Standard (NTI+MB+IC),0.694818,10.000000,0.692778,0.691737,0.690349,2023-02-08 20:30:00,0.693740,trailing_stop,1,8.500000,559.611042,TP1,0.500000,520.363871,PPT,0.500000,39.247171,,,,559.611042,0.784943,559.611042
79,2023-02-08 21:30:00,0.694953,short,1.000000,40.976408,False,Standard (NTI+MB+IC),0.695953,10.000000,0.693911,0.692868,0.691478,2023-02-09 00:45:00,0.696028,stop_loss,0,3.250000,-1075.173858,PPT,1.000000,-1075.173858,,,,,,,-1075.173858,-10.751739,-1075.173858
80,2023-02-09 04:15:00,0.696782,long,1.000000,48.089642,False,Standard (NTI+MB+IC),0.695782,10.000000,0.697828,0.698873,0.700266,2023-02-09 08:45:00,0.700266,take_profit_3,3,4.500000,1916.151425,TP1,0.500000,522.586752,TP2,0.250000,522.586752,TP3,0.250000,870.977920,1916.151425,34.839117,1916.151425
81,2023-02-09 09:00:00,0.699651,long,1.000000,71.694382,False,Standard (NTI+MB+IC),0.698651,10.000000,0.700701,0.701750,0.703149,2023-02-09 10:00:00,0.698520,stop_loss,0,1.000000,-1131.132011,PPT,1.000000,-1131.132011,,,,,,,-1131.132011,-11.311320,-1131.132011
82,2023-02-09 11:00:00,0.696704,long,1.000000,25.466274,False,Standard (NTI+MB+IC),0.695704,10.000000,0.697749,0.698795,0.700188,2023-02-09 11:30:00,0.695677,stop_loss,0,0.500000,-1027.477704,PPT,1.000000,-1027.477704,,,,,,,-1027.477704,-10.274777,-1027.477704
83,2023-02-09 11:45:00,0.696314,long,1.000000,26.375446,False,Standard (NTI+MB+IC),0.695443,8.712244,0.697359,0.698403,0.699796,2023-02-09 12:30:00,0.695328,stop_loss,0,0.750000,-986.074087,PPT,1.000000,-986.074087,,,,,,,-986.074087,-9.860741,-986.074087
84,2023-02-09 12:45:00,0.695365,long,1.000000,56.194926,False,Standard (NTI+MB+IC),0.695474,1.087691,0.696408,0.697451,0.698842,2023-02-09 13:00:00,0.695349,stop_loss,0,0.250000,-16.424851,PPT,1.000000,-16.424851,,,,,,,-16.424851,-0.164249,-16.424851
85,2023-02-09 15:15:00,0.693094,short,1.000000,62.851385,False,Standard (NTI+MB+IC),0.694094,10.000000,0.692054,0.691015,0.689629,2023-02-09 18:15:00,0.694123,stop_loss,0,3.000000,-1028.728489,PPT,1.000000,-1028.728489,,,,,,,-1028.728489,-10.287285,-1028.728489
86,2023-02-09 18:30:00,0.694043,short,1.000000,19.614166,False,Standard (NTI+MB+IC),0.695043,10.000000,0.693002,0.691961,0.690573,2023-02-10 02:00:00,0.693002,tp1_pullback,2,7.500000,1301.330557,TP1,0.500000,520.532223,TP2,0.250000,520.532223,PPT,0.250000,260.266111,1301.330557,10.410644,1301.330557
87,2023-02-10 03:00:00,0.694908,short,1.000000,24.202903,False,Standard (NTI+MB+IC),0.695908,10.000000,0.693866,0.692824,0.691434,2023-02-10 04:00:00,0.695970,stop_loss,0,1.000000,-1061.578739,PPT,1.000000,-1061.578739,,,,,,,-1061.578739,-10.615787,-1061.578739
88,2023-02-12 19:00:00,0.690348,short,1.000000,41.297232,False,Standard (NTI+MB+IC),0.691348,10.000000,0.689312,0.688277,0.686896,2023-02-12 19:45:00,0.691370,stop_loss,0,0.750000,-1022.409047,PPT,1.000000,-1022.409047,,,,,,,-1022.409047,-10.224090,-1022.409047
89,2023-02-12 20:00:00,0.690029,short,1.000000,41.312486,False,Standard (NTI+MB+IC),0.691029,10.000000,0.688994,0.687959,0.686578,2023-02-12 21:15:00,0.691041,stop_loss,1,1.250000,11.412940,TP1,0.500000,517.521465,PPT,0.500000,-506.108525,,,,11.412940,-10.122170,11.412940
90,2023-02-13 11:15:00,0.696038,long,1.000000,43.671485,False,Standard (NTI+MB+IC),0.695038,10.000000,0.697082,0.698126,0.699518,2023-02-13 20:30:00,0.694950,stop_loss,1,9.250000,-22.045974,TP1,0.500000,522.028612,PPT,0.500000,-544.074586,,,,-22.045974,-10.881492,-22.045974
91,2023-02-14 08:15:00,0.698257,long,1.000000,40.384009,False,Standard (NTI+MB+IC),0.697257,10.000000,0.699304,0.700352,0.701748,2023-02-14 08:30:00,0.701748,take_profit_3,3,0.250000,1920.206719,TP1,0.500000,523.692742,TP2,0.250000,523.692742,TP3,0.250000,872.821236,1920.206719,34.912849,1920.206719
92,2023-02-14 08:45:00,0.699394,long,1.000000,22.303787,False,Standard (NTI+MB+IC),0.698394,10.000000,0.700443,0.701492,0.702891,2023-02-14 09:00:00,0.698278,stop_loss,0,0.250000,-1116.309897,PPT,1.000000,-1116.309897,,,,,,,-1116.309897,-11.163099,-1116.309897
93,2023-02-14 09:15:00,0.693465,long,1.000000,26.092691,False,Standard (NTI+MB+IC),0.694295,8.301035,0.694505,0.695545,0.696932,2023-02-14 09:30:00,0.694162,stop_loss,1,0.250000,869.033624,TP1,0.500000,520.098399,PPT,0.500000,348.935225,,,,869.033624,6.978704,869.033624
94,2023-02-14 09:45:00,0.696916,long,1.000000,26.838676,False,Standard (NTI+MB+IC),0.695916,10.000000,0.697962,0.699007,0.700401,2023-02-14 10:00:00,0.696920,trailing_stop,2,0.250000,1046.385562,TP1,0.500000,522.687243,TP2,0.250000,522.687243,PPT,0.250000,1.011075,1046.385562,0.040443,1046.385562
95,2023-02-14 10:30:00,0.696671,long,1.000000,19.795557,False,Standard (NTI+MB+IC),0.695671,10.000000,0.697716,0.698761,0.700154,2023-02-14 10:45:00,0.695606,stop_loss,0,0.250000,-1064.635566,PPT,1.000000,-1064.635566,,,,,,,-1064.635566,-10.646356,-1064.635566
96,2023-02-14 11:00:00,0.697023,long,1.000000,18.243750,False,Standard (NTI+MB+IC),0.696023,10.000000,0.698068,0.699114,0.700508,2023-02-14 11:30:00,0.695991,stop_loss,1,0.500000,7.102312,TP1,0.500000,522.766880,PPT,0.500000,-515.664567,,,,7.102312,-10.313291,7.102312
97,2023-02-14 11:45:00,0.696145,long,1.000000,15.134934,False,Standard (NTI+MB+IC),0.695145,10.000000,0.697190,0.698234,0.699626,2023-02-14 14:00:00,0.697190,tp1_pullback,2,2.250000,1305.272609,TP1,0.500000,522.109044,TP2,0.250000,522.109044,PPT,0.250000,261.054522,1305.272609,10.442181,1305.272609
98,2023-02-15 01:00:00,0.692935,short,1.000000,71.401810,False,Standard (NTI+MB+IC),0.693935,10.000000,0.691896,0.690856,0.689470,2023-02-15 02:30:00,0.689470,take_profit_3,3,1.500000,1905.571728,TP1,0.500000,519.701380,TP2,0.250000,519.701380,TP3,0.250000,866.168967,1905.571728,34.646759,1905.571728
99,2023-02-15 02:45:00,0.690332,short,1.000000,79.918067,False,Standard (NTI+MB+IC),0.691332,10.000000,0.689296,0.688261,0.686880,2023-02-15 04:30:00,0.691343,stop_loss,0,1.750000,-1011.417888,PPT,1.000000,-1011.417888,,,,,,,-1011.417888,-10.114179,-1011.417888
100,2023-02-15 04:45:00,0.691127,short,1.000000,59.918412,False,Standard (NTI+MB+IC),0.692127,10.000000,0.690090,0.689054,0.687672,2023-02-15 08:30:00,0.687672,take_profit_3,3,3.750000,1900.599687,TP1,0.500000,518.345369,TP2,0.250000,518.345369,TP3,0.250000,863.908949,1900.599687,34.556358,1900.599687
101,2023-02-15 08:45:00,0.688286,short,1.000000,48.517593,False,Standard (NTI+MB+IC),0.689286,10.000000,0.687254,0.686221,0.684845,2023-02-15 11:00:00,0.688267,trailing_stop,1,2.250000,525.942474,TP1,0.500000,516.214662,PPT,0.500000,9.727812,,,,525.942474,0.194556,525.942474
102,2023-02-15 11:15:00,0.688197,short,1.000000,18.185100,False,Standard (NTI+MB+IC),0.689197,10.000000,0.687164,0.686132,0.684756,2023-02-15 11:30:00,0.689200,stop_loss,0,0.250000,-1003.283056,PPT,1.000000,-1003.283056,,,,,,,-1003.283056,-10.032831,-1003.283056
103,2023-02-15 11:45:00,0.689155,short,1.000000,17.598878,False,Standard (NTI+MB+IC),0.690155,10.000000,0.688121,0.687087,0.685709,2023-02-15 14:00:00,0.690206,stop_loss,1,2.250000,-8.508341,TP1,0.500000,516.866131,PPT,0.500000,-525.374471,,,,-8.508341,-10.507489,-8.508341
104,2023-02-15 14:15:00,0.690353,short,1.000000,13.499241,False,Standard (NTI+MB+IC),0.691353,10.000000,0.689317,0.688282,0.686901,2023-02-15 19:30:00,0.686901,take_profit_3,3,5.250000,1898.469740,TP1,0.500000,517.764475,TP2,0.250000,517.764475,TP3,0.250000,862.940791,1898.469740,34.517632,1898.469740
105,2023-02-15 20:00:00,0.687727,short,1.000000,33.609804,False,Standard (NTI+MB+IC),0.688727,10.000000,0.686695,0.685663,0.684288,2023-02-15 20:30:00,0.688817,stop_loss,0,0.500000,-1090.064073,PPT,1.000000,-1090.064073,,,,,,,-1090.064073,-10.900641,-1090.064073
106,2023-02-16 08:30:00,0.688762,short,1.000000,35.594024,False,Standard (NTI+MB+IC),0.689762,10.000000,0.687728,0.686695,0.685318,2023-02-16 10:00:00,0.685318,take_profit_3,3,1.500000,1894.094461,TP1,0.500000,516.571217,TP2,0.250000,516.571217,TP3,0.250000,860.952028,1894.094461,34.438081,1894.094461
107,2023-02-16 10:15:00,0.686920,short,1.000000,64.259982,False,Standard (NTI+MB+IC),0.687920,10.000000,0.685890,0.684860,0.683486,2023-02-16 10:30:00,0.688081,stop_loss,0,0.250000,-1161.109186,PPT,1.000000,-1161.109186,,,,,,,-1161.109186,-11.611092,-1161.109186
108,2023-02-16 10:45:00,0.687651,short,1.000000,54.968290,False,Standard (NTI+MB+IC),0.688651,10.000000,0.686619,0.685588,0.684213,2023-02-16 11:30:00,0.688676,stop_loss,0,0.750000,-1025.317281,PPT,1.000000,-1025.317281,,,,,,,-1025.317281,-10.253173,-1025.317281
109,2023-02-16 11:45:00,0.688759,short,1.000000,18.829745,False,Standard (NTI+MB+IC),0.689759,10.000000,0.687726,0.686693,0.685315,2023-02-16 12:45:00,0.689765,stop_loss,0,1.000000,-1006.389427,PPT,1.000000,-1006.389427,,,,,,,-1006.389427,-10.063894,-1006.389427
110,2023-02-16 17:15:00,0.687665,short,1.000000,42.116166,False,Standard (NTI+MB+IC),0.688665,10.000000,0.686633,0.685602,0.684226,2023-02-16 20:15:00,0.686633,tp1_pullback,2,3.000000,1289.370990,TP1,0.500000,515.748396,TP2,0.250000,515.748396,PPT,0.250000,257.874198,1289.370990,10.314968,1289.370990
111,2023-02-16 20:30:00,0.685975,short,1.000000,50.847600,False,Standard (NTI+MB+IC),0.686975,10.000000,0.684946,0.683917,0.682545,2023-02-17 02:30:00,0.684946,tp1_pullback,2,6.000000,1286.203680,TP1,0.500000,514.481472,TP2,0.250000,514.481472,PPT,0.250000,257.240736,1286.203680,10.289629,1286.203680
112,2023-02-17 02:45:00,0.684102,short,1.000000,20.343085,False,Standard (NTI+MB+IC),0.685102,10.000000,0.683076,0.682050,0.680682,2023-02-17 08:00:00,0.683076,tp1_pullback,2,5.250000,1282.691800,TP1,0.500000,513.076720,TP2,0.250000,513.076720,PPT,0.250000,256.538360,1282.691800,10.261534,1282.691800
113,2023-02-17 09:30:00,0.683933,short,1.000000,21.194618,False,Standard (NTI+MB+IC),0.684933,10.000000,0.682907,0.681881,0.680513,2023-02-17 10:00:00,0.685082,stop_loss,0,0.500000,-1149.210064,PPT,1.000000,-1149.210064,,,,,,,-1149.210064,-11.492101,-1149.210064
114,2023-02-17 10:15:00,0.685674,short,1.000000,43.595978,False,Standard (NTI+MB+IC),0.686674,10.000000,0.684645,0.683617,0.682245,2023-02-17 10:30:00,0.686849,stop_loss,0,0.250000,-1175.156686,PPT,1.000000,-1175.156686,,,,,,,-1175.156686,-11.751567,-1175.156686
115,2023-02-20 03:00:00,0.690733,long,1.000000,45.701051,False,Standard (NTI+MB+IC),0.689733,10.000000,0.691769,0.692805,0.694186,2023-02-20 03:30:00,0.689534,stop_loss,0,0.500000,-1199.283783,PPT,1.000000,-1199.283783,,,,,,,-1199.283783,-11.992838,-1199.283783
116,2023-02-20 03:45:00,0.690287,long,1.000000,16.989536,False,Standard (NTI+MB+IC),0.689287,10.000000,0.691322,0.692357,0.693738,2023-02-20 23:15:00,0.689143,stop_loss,1,19.500000,-54.055549,TP1,0.500000,517.714931,PPT,0.500000,-571.770480,,,,-54.055549,-11.435410,-54.055549
117,2023-02-21 03:45:00,0.687403,short,1.000000,44.399022,False,Standard (NTI+MB+IC),0.688403,10.000000,0.686372,0.685341,0.683966,2023-02-21 04:30:00,0.688571,stop_loss,0,0.750000,-1167.755947,PPT,1.000000,-1167.755947,,,,,,,-1167.755947,-11.677559,-1167.755947
118,2023-02-22 03:30:00,0.681257,short,1.000000,23.256898,False,Standard (NTI+MB+IC),0.682257,10.000000,0.680235,0.679213,0.677851,2023-02-22 04:45:00,0.682438,stop_loss,0,1.250000,-1181.594342,PPT,1.000000,-1181.594342,,,,,,,-1181.594342,-11.815943,-1181.594342
119,2023-02-24 03:00:00,0.678095,short,1.000000,41.882295,False,Standard (NTI+MB+IC),0.679095,10.000000,0.677077,0.676060,0.674704,2023-02-24 03:30:00,0.679178,stop_loss,0,0.500000,-1083.466378,PPT,1.000000,-1083.466378,,,,,,,-1083.466378,-10.834664,-1083.466378
120,2023-02-24 03:45:00,0.678381,short,1.000000,46.953823,False,Standard (NTI+MB+IC),0.679381,10.000000,0.677363,0.676346,0.674989,2023-02-24 07:45:00,0.674989,take_profit_3,3,4.000000,2257.086126,TP1,0.500000,900.324826,TP2,0.250000,508.785487,TP3,0.250000,847.975812,2257.086126,33.919032,2257.086126
121,2023-02-24 09:00:00,0.673014,short,1.000000,55.889128,False,Standard (NTI+MB+IC),0.674014,10.000000,0.672005,0.670995,0.669649,2023-02-26 20:45:00,0.674035,stop_loss,1,59.750000,-5.433968,TP1,0.500000,504.760795,PPT,0.500000,-510.194763,,,,-5.433968,-10.203895,-5.433968
122,2023-02-26 21:45:00,0.672747,short,1.000000,17.543626,False,Standard (NTI+MB+IC),0.673747,10.000000,0.671738,0.670729,0.669383,2023-02-27 02:45:00,0.671738,tp1_pullback,2,5.000000,1261.400751,TP1,0.500000,504.560301,TP2,0.250000,504.560301,PPT,0.250000,252.280150,1261.400751,10.091206,1261.400751
123,2023-02-27 03:00:00,0.671870,short,1.000000,17.635349,False,Standard (NTI+MB+IC),0.672870,10.000000,0.670862,0.669854,0.668510,2023-02-27 12:00:00,0.673010,stop_loss,1,9.000000,-66.205031,TP1,0.500000,503.902339,PPT,0.500000,-570.107370,,,,-66.205031,-11.402147,-66.205031
124,2023-02-28 00:30:00,0.672216,short,1.000000,46.383339,False,Standard (NTI+MB+IC),0.673216,10.000000,0.671207,0.670199,0.668854,2023-02-28 01:30:00,0.673225,stop_loss,0,1.000000,-1009.593992,PPT,1.000000,-1009.593992,,,,,,,-1009.593992,-10.095940,-1009.593992
125,2023-02-28 02:15:00,0.671954,short,1.000000,36.728457,False,Standard (NTI+MB+IC),0.672954,10.000000,0.670946,0.669939,0.668595,2023-02-28 05:30:00,0.673040,stop_loss,1,3.250000,-38.826839,TP1,0.500000,503.965811,PPT,0.500000,-542.792650,,,,-38.826839,-10.855853,-38.826839
126,2023-02-28 10:00:00,0.673647,short,1.000000,38.156419,False,Standard (NTI+MB+IC),0.674647,10.000000,0.672636,0.671626,0.670278,2023-02-28 10:15:00,0.674660,stop_loss,0,0.250000,-1013.473656,PPT,1.000000,-1013.473656,,,,,,,-1013.473656,-10.134737,-1013.473656
127,2023-02-28 19:00:00,0.672131,short,1.000000,38.180112,False,Standard (NTI+MB+IC),0.673131,10.000000,0.671123,0.670115,0.668770,2023-02-28 20:15:00,0.671123,tp1_pullback,2,1.250000,1260.245889,TP1,0.500000,504.098356,TP2,0.250000,504.098356,PPT,0.250000,252.049178,1260.245889,10.081967,1260.245889
128,2023-02-28 22:15:00,0.674750,short,1.000000,36.584351,False,Standard (NTI+MB+IC),0.675750,10.000000,0.673738,0.672726,0.671376,2023-03-01 00:15:00,0.675895,stop_loss,0,2.000000,-1145.429998,PPT,1.000000,-1145.429998,,,,,,,-1145.429998,-11.454300,-1145.429998
129,2023-03-01 20:45:00,0.673957,short,1.000000,28.347145,False,Standard (NTI+MB+IC),0.674957,10.000000,0.672946,0.671935,0.670588,2023-03-01 21:15:00,0.675105,stop_loss,0,0.500000,-1147.930320,PPT,1.000000,-1147.930320,,,,,,,-1147.930320,-11.479303,-1147.930320
130,2023-03-06 06:00:00,0.672618,short,1.000000,47.626609,False,Standard (NTI+MB+IC),0.673618,10.000000,0.671609,0.670600,0.669255,2023-03-06 08:15:00,0.673646,stop_loss,1,2.250000,-9.913804,TP1,0.500000,504.463198,PPT,0.500000,-514.377002,,,,-9.913804,-10.287540,-9.913804
131,2023-03-06 23:00:00,0.670872,short,1.000000,44.845698,False,Standard (NTI+MB+IC),0.671872,10.000000,0.669865,0.668859,0.667517,2023-03-06 23:45:00,0.671919,stop_loss,0,0.750000,-1047.618105,PPT,1.000000,-1047.618105,,,,,,,-1047.618105,-10.476181,-1047.618105
132,2023-03-07 00:00:00,0.671030,short,1.000000,46.680540,False,Standard (NTI+MB+IC),0.672030,10.000000,0.670024,0.669017,0.667675,2023-03-07 04:45:00,0.667675,take_profit_3,3,4.750000,1845.333564,TP1,0.500000,503.272790,TP2,0.250000,503.272790,TP3,0.250000,838.787984,1845.333564,33.551519,1845.333564
133,2023-03-07 05:00:00,0.667569,short,1.000000,37.715929,False,Standard (NTI+MB+IC),0.668569,10.000000,0.666567,0.665566,0.664231,2023-03-07 11:00:00,0.661720,take_profit_3,3,6.000000,2547.178550,TP1,0.500000,584.334698,TP2,0.250000,500.676502,TP3,0.250000,1462.167349,2547.178550,58.486694,2547.178550
134,2023-03-07 11:15:00,0.659591,short,1.000000,63.823786,False,Standard (NTI+MB+IC),0.660591,10.000000,0.658602,0.657613,0.656293,2023-03-07 11:30:00,0.660620,stop_loss,0,0.250000,-1028.562292,PPT,1.000000,-1028.562292,,,,,,,-1028.562292,-10.285623,-1028.562292
135,2023-03-07 11:45:00,0.659819,short,1.000000,69.355933,False,Standard (NTI+MB+IC),0.660819,10.000000,0.658830,0.657840,0.656520,2023-03-07 23:45:00,0.658830,tp1_pullback,2,12.000000,1237.161524,TP1,0.500000,494.864610,TP2,0.250000,494.864610,PPT,0.250000,247.432305,1237.161524,9.897292,1237.161524
136,2023-03-08 00:00:00,0.658908,short,1.000000,21.872048,False,Standard (NTI+MB+IC),0.659908,10.000000,0.657920,0.656931,0.655613,2023-03-08 02:00:00,0.660010,stop_loss,0,2.000000,-1102.057886,PPT,1.000000,-1102.057886,,,,,,,-1102.057886,-11.020579,-1102.057886
137,2023-03-08 05:15:00,0.660185,short,1.000000,21.953937,False,Standard (NTI+MB+IC),0.661185,10.000000,0.659194,0.658204,0.656884,2023-03-08 09:30:00,0.661260,stop_loss,0,4.250000,-1075.473017,PPT,1.000000,-1075.473017,,,,,,,-1075.473017,-10.754730,-1075.473017
138,2023-03-08 11:00:00,0.661024,short,1.000000,38.349057,False,Standard (NTI+MB+IC),0.662024,10.000000,0.660032,0.659041,0.657719,2023-03-08 20:45:00,0.657719,take_profit_3,3,9.750000,1817.815005,TP1,0.500000,495.767729,TP2,0.250000,495.767729,TP3,0.250000,826.279548,1817.815005,33.051182,1817.815005
139,2023-03-09 16:00:00,0.658658,short,1.000000,34.961742,False,Standard (NTI+MB+IC),0.659658,10.000000,0.657670,0.656682,0.655365,2023-03-09 21:30:00,0.657670,tp1_pullback,2,5.500000,1234.984572,TP1,0.500000,493.993829,TP2,0.250000,493.993829,PPT,0.250000,246.996914,1234.984572,9.879877,1234.984572
140,2023-03-09 21:45:00,0.657512,short,1.000000,54.537319,False,Standard (NTI+MB+IC),0.658512,10.000000,0.656526,0.655539,0.654224,2023-03-09 23:15:00,0.658556,stop_loss,0,1.500000,-1043.850780,PPT,1.000000,-1043.850780,,,,,,,-1043.850780,-10.438508,-1043.850780
141,2023-03-09 23:30:00,0.658815,short,1.000000,21.653660,False,Standard (NTI+MB+IC),0.659815,10.000000,0.657827,0.656839,0.655521,2023-03-09 23:45:00,0.659830,stop_loss,0,0.250000,-1014.774578,PPT,1.000000,-1014.774578,,,,,,,-1014.774578,-10.147746,-1014.774578
142,2023-03-10 00:00:00,0.659403,short,1.000000,21.529814,False,Standard (NTI+MB+IC),0.660403,10.000000,0.658414,0.657425,0.656106,2023-03-10 08:30:00,0.659346,trailing_stop,1,8.500000,523.258280,TP1,0.500000,494.552511,PPT,0.500000,28.705769,,,,523.258280,0.574115,523.258280
143,2023-03-13 00:00:00,0.666647,long,1.000000,51.185983,False,Standard (NTI+MB+IC),0.665647,10.000000,0.667647,0.668647,0.669980,2023-03-13 01:30:00,0.665640,stop_loss,0,1.500000,-1006.812387,PPT,1.000000,-1006.812387,,,,,,,-1006.812387,-10.068124,-1006.812387
144,2023-03-13 01:45:00,0.665941,long,1.000000,37.358924,False,Standard (NTI+MB+IC),0.664941,10.000000,0.666940,0.667939,0.669271,2023-03-13 03:30:00,0.665942,trailing_stop,1,1.750000,499.745594,TP1,0.500000,499.455906,PPT,0.500000,0.289688,,,,499.745594,0.005794,499.745594
145,2023-03-13 04:15:00,0.663253,long,1.000000,16.173142,False,Standard (NTI+MB+IC),0.663267,0.134677,0.664248,0.665243,0.666570,2023-03-13 04:30:00,0.663237,stop_loss,0,0.250000,-16.127237,PPT,1.000000,-16.127237,,,,,,,-16.127237,-0.161272,-16.127237
146,2023-03-13 04:45:00,0.662305,long,1.000000,19.905830,False,Standard (NTI+MB+IC),0.663281,9.754363,0.663299,0.664292,0.665617,2023-03-13 06:00:00,0.663106,stop_loss,2,1.250000,1193.689960,TP1,0.500000,496.729041,TP2,0.250000,496.729041,PPT,0.250000,200.231877,1193.689960,8.009275,1193.689960
147,2023-03-13 06:15:00,0.663354,long,1.000000,19.649346,False,Standard (NTI+MB+IC),0.663292,0.619182,0.664349,0.665344,0.666671,2023-03-13 06:30:00,0.663161,stop_loss,0,0.250000,-192.847635,PPT,1.000000,-192.847635,,,,,,,-192.847635,-1.928476,-192.847635
148,2023-03-13 07:15:00,0.664241,long,1.000000,16.485599,False,Standard (NTI+MB+IC),0.663309,9.316279,0.665237,0.666234,0.667562,2023-03-13 07:30:00,0.663215,stop_loss,0,0.250000,-1025.751644,PPT,1.000000,-1025.751644,,,,,,,-1025.751644,-10.257516,-1025.751644
149,2023-03-13 10:00:00,0.670232,long,1.000000,34.171644,False,Standard (NTI+MB+IC),0.669232,10.000000,0.671238,0.672243,0.673583,2023-03-13 10:30:00,0.669070,stop_loss,1,0.500000,-78.564847,TP1,0.500000,502.674164,PPT,0.500000,-581.239011,,,,-78.564847,-11.624780,-78.564847
150,2023-03-13 10:45:00,0.668452,long,1.000000,39.113333,False,Standard (NTI+MB+IC),0.667452,10.000000,0.669454,0.670457,0.671794,2023-03-13 12:00:00,0.667320,stop_loss,0,1.250000,-1132.090363,PPT,1.000000,-1132.090363,,,,,,,-1132.090363,-11.320904,-1132.090363
151,2023-03-14 22:30:00,0.670044,long,1.000000,40.993073,False,Standard (NTI+MB+IC),0.669044,10.000000,0.671049,0.672054,0.673394,2023-03-14 23:30:00,0.668930,stop_loss,0,1.000000,-1114.381914,PPT,1.000000,-1114.381914,,,,,,,-1114.381914,-11.143819,-1114.381914
152,2023-03-15 10:45:00,0.660976,short,1.000000,69.588943,False,Standard (NTI+MB+IC),0.661976,10.000000,0.659984,0.658993,0.657671,2023-03-15 14:00:00,0.662170,stop_loss,1,3.250000,-101.483767,TP1,0.500000,495.731952,PPT,0.500000,-597.215719,,,,-101.483767,-11.944314,-101.483767
153,2023-03-15 14:15:00,0.662042,short,1.000000,27.050734,False,Standard (NTI+MB+IC),0.663042,10.000000,0.661049,0.660056,0.658732,2023-03-15 19:15:00,0.663150,stop_loss,1,5.000000,-57.286953,TP1,0.500000,496.531772,PPT,0.500000,-553.818725,,,,-57.286953,-11.076375,-57.286953
154,2023-03-15 19:30:00,0.663099,short,1.000000,12.027801,False,Standard (NTI+MB+IC),0.664099,10.000000,0.662104,0.661110,0.659784,2023-03-15 19:45:00,0.664130,stop_loss,0,0.250000,-1031.003774,PPT,1.000000,-1031.003774,,,,,,,-1031.003774,-10.310038,-1031.003774
155,2023-03-15 20:00:00,0.663264,short,1.000000,15.605155,False,Standard (NTI+MB+IC),0.664264,10.000000,0.662269,0.661274,0.659947,2023-03-15 23:30:00,0.663190,trailing_stop,1,3.500000,534.120330,TP1,0.500000,497.447757,PPT,0.500000,36.672573,,,,534.120330,0.733451,534.120330
156,2023-03-16 20:15:00,0.668689,long,1.000000,21.138295,False,Standard (NTI+MB+IC),0.667689,10.000000,0.669692,0.670695,0.672032,2023-03-17 02:00:00,0.672032,take_profit_3,3,5.750000,1838.894169,TP1,0.500000,501.516592,TP2,0.250000,501.516592,TP3,0.250000,835.860986,1838.894169,33.434439,1838.894169
157,2023-03-17 02:15:00,0.671077,long,1.000000,49.598852,False,Standard (NTI+MB+IC),0.670077,10.000000,0.672083,0.673090,0.674432,2023-03-17 03:45:00,0.670010,stop_loss,0,1.500000,-1066.559429,PPT,1.000000,-1066.559429,,,,,,,-1066.559429,-10.665594,-1066.559429
158,2023-03-17 04:00:00,0.670655,long,1.000000,36.294935,False,Standard (NTI+MB+IC),0.669655,10.000000,0.671661,0.672667,0.674009,2023-03-17 05:15:00,0.669565,stop_loss,0,1.250000,-1090.245026,PPT,1.000000,-1090.245026,,,,,,,-1090.245026,-10.902450,-1090.245026
159,2023-03-17 05:30:00,0.669146,long,1.000000,14.765848,False,Standard (NTI+MB+IC),0.668146,10.000000,0.670149,0.671153,0.672491,2023-03-17 09:45:00,0.668118,stop_loss,1,4.250000,-12.152844,TP1,0.500000,501.859300,PPT,0.500000,-514.012143,,,,-12.152844,-10.280243,-12.152844
160,2023-03-20 10:00:00,0.671415,long,1.000000,40.913967,False,Standard (NTI+MB+IC),0.670415,10.000000,0.672422,0.673429,0.674772,2023-03-20 19:45:00,0.670300,stop_loss,1,9.750000,-53.958489,TP1,0.500000,503.561219,PPT,0.500000,-557.519709,,,,-53.958489,-11.150394,-53.958489
161,2023-03-21 11:30:00,0.665311,short,1.000000,37.024490,False,Standard (NTI+MB+IC),0.666311,10.000000,0.664313,0.663315,0.661985,2023-03-21 13:45:00,0.666434,stop_loss,0,2.250000,-1122.620095,PPT,1.000000,-1122.620095,,,,,,,-1122.620095,-11.226201,-1122.620095
162,2023-03-21 20:30:00,0.668740,short,1.000000,32.851609,False,Standard (NTI+MB+IC),0.669740,10.000000,0.667737,0.666734,0.665397,2023-03-22 00:30:00,0.669800,stop_loss,0,4.000000,-1059.414008,PPT,1.000000,-1059.414008,,,,,,,-1059.414008,-10.594140,-1059.414008
163,2023-03-22 19:30:00,0.670631,long,1.000000,30.751330,False,Standard (NTI+MB+IC),0.669631,10.000000,0.671637,0.672643,0.673984,2023-03-22 23:45:00,0.673984,take_profit_3,3,4.250000,1844.235224,TP1,0.500000,502.973243,TP2,0.250000,502.973243,TP3,0.250000,838.288738,1844.235224,33.531550,1844.235224
164,2023-03-23 00:00:00,0.674035,long,1.000000,65.345222,False,Standard (NTI+MB+IC),0.673035,10.000000,0.675046,0.676057,0.677405,2023-03-23 01:00:00,0.673010,stop_loss,0,1.000000,-1025.078607,PPT,1.000000,-1025.078607,,,,,,,-1025.078607,-10.250786,-1025.078607
165,2023-03-23 01:15:00,0.674161,long,1.000000,52.255522,False,Standard (NTI+MB+IC),0.673161,10.000000,0.675172,0.676183,0.677532,2023-03-23 03:15:00,0.672986,stop_loss,1,2.000000,-81.866260,TP1,0.500000,505.620627,PPT,0.500000,-587.486886,,,,-81.866260,-11.749738,-81.866260
166,2023-03-23 03:30:00,0.673247,long,1.000000,15.391819,False,Standard (NTI+MB+IC),0.672247,10.000000,0.674256,0.675266,0.676613,2023-03-23 04:30:00,0.672049,stop_loss,0,1.000000,-1197.577169,PPT,1.000000,-1197.577169,,,,,,,-1197.577169,-11.975772,-1197.577169
167,2023-03-23 04:45:00,0.672623,long,1.000000,13.044808,False,Standard (NTI+MB+IC),0.671623,10.000000,0.673632,0.674641,0.675986,2023-03-23 05:15:00,0.671500,stop_loss,0,0.500000,-1122.990524,PPT,1.000000,-1122.990524,,,,,,,-1122.990524,-11.229905,-1122.990524
168,2023-03-23 05:30:00,0.671714,long,1.000000,17.210928,False,Standard (NTI+MB+IC),0.670714,10.000000,0.672722,0.673729,0.675073,2023-03-23 07:30:00,0.670658,stop_loss,0,2.000000,-1056.556477,PPT,1.000000,-1056.556477,,,,,,,-1056.556477,-10.565565,-1056.556477
169,2023-03-23 20:30:00,0.666729,short,1.000000,58.735674,False,Standard (NTI+MB+IC),0.667729,10.000000,0.665729,0.664729,0.663396,2023-03-23 21:00:00,0.667820,stop_loss,0,0.500000,-1090.539190,PPT,1.000000,-1090.539190,,,,,,,-1090.539190,-10.905392,-1090.539190
170,2023-03-23 21:15:00,0.667146,short,1.000000,48.458739,False,Standard (NTI+MB+IC),0.668146,10.000000,0.666145,0.665145,0.663810,2023-03-23 22:30:00,0.668213,stop_loss,0,1.250000,-1066.501634,PPT,1.000000,-1066.501634,,,,,,,-1066.501634,-10.665016,-1066.501634
171,2023-03-23 22:45:00,0.668168,short,1.000000,17.627484,False,Standard (NTI+MB+IC),0.669168,10.000000,0.667166,0.666164,0.664828,2023-03-24 02:30:00,0.669220,stop_loss,0,3.750000,-1051.582661,PPT,1.000000,-1051.582661,,,,,,,-1051.582661,-10.515827,-1051.582661
172,2023-03-24 04:45:00,0.664334,short,1.000000,48.579701,False,Standard (NTI+MB+IC),0.665334,10.000000,0.663337,0.662341,0.661012,2023-03-26 18:00:00,0.665395,stop_loss,1,61.250000,-32.620719,TP1,0.500000,498.250162,PPT,0.500000,-530.870881,,,,-32.620719,-10.617418,-32.620719
173,2023-03-28 01:15:00,0.668716,long,1.000000,73.153604,False,Standard (NTI+MB+IC),0.667716,10.000000,0.669719,0.670722,0.672059,2023-03-28 04:15:00,0.667556,stop_loss,0,3.000000,-1159.261833,PPT,1.000000,-1159.261833,,,,,,,-1159.261833,-11.592618,-1159.261833
174,2023-03-28 04:30:00,0.667253,long,1.000000,22.515502,False,Standard (NTI+MB+IC),0.666875,3.778005,0.668254,0.669255,0.670589,2023-03-28 05:45:00,0.666850,stop_loss,0,1.250000,-403.115199,PPT,1.000000,-403.115199,,,,,,,-403.115199,-4.031152,-403.115199
175,2023-03-28 07:00:00,0.667851,long,1.000000,24.611444,False,Standard (NTI+MB+IC),0.666900,9.515576,0.668853,0.669855,0.671190,2023-03-28 20:00:00,0.671190,take_profit_3,3,13.000000,1836.590414,TP1,0.500000,500.888295,TP2,0.250000,500.888295,TP3,0.250000,834.813825,1836.590414,33.392553,1836.590414
176,2023-03-28 20:15:00,0.670970,long,1.000000,43.460883,False,Standard (NTI+MB+IC),0.669970,10.000000,0.671976,0.672982,0.674324,2023-03-28 20:30:00,0.669885,stop_loss,0,0.250000,-1084.369199,PPT,1.000000,-1084.369199,,,,,,,-1084.369199,-10.843692,-1084.369199
177,2023-03-28 21:30:00,0.669254,long,1.000000,18.758666,False,Standard (NTI+MB+IC),0.668254,10.000000,0.670258,0.671262,0.672600,2023-03-29 02:00:00,0.668199,stop_loss,1,4.500000,-25.367810,TP1,0.500000,501.940472,PPT,0.500000,-527.308282,,,,-25.367810,-10.546166,-25.367810
178,2023-03-30 01:30:00,0.669188,long,1.000000,35.679051,False,Standard (NTI+MB+IC),0.668188,10.000000,0.670192,0.671196,0.672534,2023-03-30 05:15:00,0.670192,tp1_pullback,2,3.750000,1254.727401,TP1,0.500000,501.890961,TP2,0.250000,501.890961,PPT,0.250000,250.945480,1254.727401,10.037819,1254.727401
179,2023-03-30 05:30:00,0.669996,long,1.000000,18.791976,False,Standard (NTI+MB+IC),0.668996,10.000000,0.671001,0.672006,0.673346,2023-03-30 21:30:00,0.673346,take_profit_3,3,16.000000,1842.488034,TP1,0.500000,502.496737,TP2,0.250000,502.496737,TP3,0.250000,837.494561,1842.488034,33.499782,1842.488034
180,2023-03-30 21:45:00,0.672357,long,1.000000,56.498596,False,Standard (NTI+MB+IC),0.671357,10.000000,0.673366,0.674374,0.675719,2023-03-31 00:45:00,0.671287,stop_loss,0,3.000000,-1070.342455,PPT,1.000000,-1070.342455,,,,,,,-1070.342455,-10.703425,-1070.342455
181,2023-03-31 01:00:00,0.671188,long,1.000000,16.940589,False,Standard (NTI+MB+IC),0.670188,10.000000,0.672194,0.673201,0.674543,2023-03-31 02:15:00,0.670187,stop_loss,0,1.250000,-1000.368308,PPT,1.000000,-1000.368308,,,,,,,-1000.368308,-10.003683,-1000.368308
182,2023-03-31 02:30:00,0.670603,long,1.000000,39.559105,False,Standard (NTI+MB+IC),0.669603,10.000000,0.671608,0.672614,0.673956,2023-03-31 03:15:00,0.669544,stop_loss,0,0.750000,-1058.336260,PPT,1.000000,-1058.336260,,,,,,,-1058.336260,-10.583363,-1058.336260
183,2023-04-02 19:30:00,0.666989,short,1.000000,35.510657,False,Standard (NTI+MB+IC),0.667989,10.000000,0.665988,0.664988,0.663654,2023-04-02 21:45:00,0.668158,stop_loss,1,2.250000,-84.339336,TP1,0.500000,500.241435,PPT,0.500000,-584.580771,,,,-84.339336,-11.691615,-84.339336
184,2023-04-03 03:00:00,0.668471,short,1.000000,14.692441,False,Standard (NTI+MB+IC),0.669471,10.000000,0.667468,0.666465,0.665128,2023-04-03 03:45:00,0.669615,stop_loss,0,0.750000,-1143.955299,PPT,1.000000,-1143.955299,,,,,,,-1143.955299,-11.439553,-1143.955299
185,2023-04-03 04:00:00,0.669145,short,1.000000,47.962201,False,Standard (NTI+MB+IC),0.670145,10.000000,0.668141,0.667137,0.665799,2023-04-03 05:00:00,0.670331,stop_loss,0,1.000000,-1186.145986,PPT,1.000000,-1186.145986,,,,,,,-1186.145986,-11.861460,-1186.145986
186,2023-04-03 08:00:00,0.675717,long,1.000000,70.606528,False,Standard (NTI+MB+IC),0.674717,10.000000,0.676731,0.677744,0.679096,2023-04-03 17:00:00,0.676731,tp1_pullback,2,9.000000,1266.969616,TP1,0.500000,506.787846,TP2,0.250000,506.787846,PPT,0.250000,253.393923,1266.969616,10.135757,1266.969616
187,2023-04-03 17:15:00,0.678197,long,1.000000,18.579331,False,Standard (NTI+MB+IC),0.677197,10.000000,0.679214,0.680231,0.681588,2023-04-04 00:30:00,0.677034,stop_loss,1,7.250000,-72.651543,TP1,0.500000,508.647501,PPT,0.500000,-581.299044,,,,-72.651543,-11.625981,-72.651543
188,2023-04-04 22:30:00,0.677103,long,1.000000,43.945391,False,Standard (NTI+MB+IC),0.676103,10.000000,0.678119,0.679134,0.680489,2023-04-04 23:00:00,0.675951,stop_loss,0,0.500000,-1152.433317,PPT,1.000000,-1152.433317,,,,,,,-1152.433317,-11.524333,-1152.433317
189,2023-04-05 07:15:00,0.669379,short,1.000000,65.435392,False,Standard (NTI+MB+IC),0.670379,10.000000,0.668375,0.667371,0.666032,2023-04-05 08:15:00,0.670527,stop_loss,0,1.000000,-1148.192784,PPT,1.000000,-1148.192784,,,,,,,-1148.192784,-11.481928,-1148.192784
190,2023-04-05 08:30:00,0.670836,short,1.000000,21.833597,False,Standard (NTI+MB+IC),0.671836,10.000000,0.669830,0.668824,0.667482,2023-04-05 11:15:00,0.671994,stop_loss,0,2.750000,-1157.591851,PPT,1.000000,-1157.591851,,,,,,,-1157.591851,-11.575919,-1157.591851
191,2023-04-05 11:30:00,0.672607,short,1.000000,22.433496,False,Standard (NTI+MB+IC),0.673607,10.000000,0.671598,0.670589,0.669243,2023-04-05 15:00:00,0.671730,tp1_pullback,2,3.500000,1261.137231,TP1,0.500000,504.454892,TP2,0.250000,504.454892,PPT,0.250000,252.227446,1261.137231,8.765232,1261.137231
192,2023-04-05 21:00:00,0.670208,short,1.000000,33.497001,False,Standard (NTI+MB+IC),0.671208,10.000000,0.669203,0.668198,0.666857,2023-04-06 09:00:00,0.666857,take_profit_3,3,12.000000,2137.467292,TP1,0.500000,502.656153,TP2,0.250000,797.050885,TP3,0.250000,837.760254,2137.467292,33.510410,2137.467292
193,2023-04-06 09:15:00,0.666427,short,1.000000,35.123836,False,Standard (NTI+MB+IC),0.667427,10.000000,0.665427,0.664428,0.663095,2023-04-06 13:00:00,0.667670,stop_loss,1,3.750000,-121.745290,TP1,0.500000,499.820152,PPT,0.500000,-621.565441,,,,-121.745290,-12.431309,-121.745290
194,2023-04-10 08:30:00,0.663899,short,1.000000,40.368926,False,Standard (NTI+MB+IC),0.664899,10.000000,0.662904,0.661908,0.660580,2023-04-10 08:45:00,0.663803,trailing_stop,1,0.250000,546.056129,TP1,0.500000,497.924623,PPT,0.500000,48.131506,,,,546.056129,0.962630,546.056129
195,2023-04-10 10:00:00,0.662293,short,1.000000,50.604041,False,Standard (NTI+MB+IC),0.663293,10.000000,0.661299,0.660306,0.658981,2023-04-10 12:30:00,0.663318,stop_loss,0,2.500000,-1025.270116,PPT,1.000000,-1025.270116,,,,,,,-1025.270116,-10.252701,-1025.270116
196,2023-04-10 12:45:00,0.663271,short,1.000000,54.431642,False,Standard (NTI+MB+IC),0.664271,10.000000,0.662276,0.661281,0.659955,2023-04-10 16:30:00,0.664290,stop_loss,0,3.750000,-1019.115635,PPT,1.000000,-1019.115635,,,,,,,-1019.115635,-10.191156,-1019.115635
197,2023-04-10 16:45:00,0.663929,short,1.000000,11.084631,False,Standard (NTI+MB+IC),0.664929,10.000000,0.662933,0.661937,0.660609,2023-04-10 20:00:00,0.665098,stop_loss,0,3.250000,-1169.119783,PPT,1.000000,-1169.119783,,,,,,,-1169.119783,-11.691198,-1169.119783
198,2023-04-10 20:15:00,0.665070,short,1.000000,15.743477,False,Standard (NTI+MB+IC),0.666070,10.000000,0.664073,0.663075,0.661745,2023-04-10 22:00:00,0.666118,stop_loss,0,1.750000,-1047.827606,PPT,1.000000,-1047.827606,,,,,,,-1047.827606,-10.478276,-1047.827606
199,2023-04-12 12:45:00,0.669770,long,1.000000,32.448794,False,Standard (NTI+MB+IC),0.668770,10.000000,0.670775,0.671779,0.673119,2023-04-12 20:00:00,0.668720,stop_loss,0,7.250000,-1050.086247,PPT,1.000000,-1050.086247,,,,,,,-1050.086247,-10.500862,-1050.086247
200,2023-04-13 03:30:00,0.672460,long,1.000000,28.397175,False,Standard (NTI+MB+IC),0.671460,10.000000,0.673469,0.674477,0.675822,2023-04-13 09:00:00,0.675822,take_profit_3,3,5.500000,2034.904464,TP1,0.500000,504.345047,TP2,0.250000,689.984339,TP3,0.250000,840.575078,2034.904464,33.623003,2034.904464
201,2023-04-13 09:15:00,0.675761,long,1.000000,49.713029,False,Standard (NTI+MB+IC),0.674761,10.000000,0.676774,0.677788,0.679139,2023-04-13 13:00:00,0.679139,take_profit_3,3,3.750000,2046.385539,TP1,0.500000,506.820407,TP2,0.250000,694.864455,TP3,0.250000,844.700678,2046.385539,33.788027,2046.385539
202,2023-04-13 13:15:00,0.678879,long,1.000000,64.529569,False,Standard (NTI+MB+IC),0.677879,10.000000,0.679897,0.680915,0.682273,2023-04-13 20:00:00,0.677830,stop_loss,0,6.750000,-1048.801287,PPT,1.000000,-1048.801287,,,,,,,-1048.801287,-10.488013,-1048.801287
203,2023-04-13 20:15:00,0.678876,long,1.000000,27.861680,False,Standard (NTI+MB+IC),0.677876,10.000000,0.679895,0.680913,0.682271,2023-04-14 00:15:00,0.677725,stop_loss,0,4.000000,-1151.259293,PPT,1.000000,-1151.259293,,,,,,,-1151.259293,-11.512593,-1151.259293
204,2023-04-14 00:30:00,0.677746,long,1.000000,8.769070,False,Standard (NTI+MB+IC),0.676746,10.000000,0.678763,0.679779,0.681135,2023-04-14 03:00:00,0.676680,stop_loss,0,2.500000,-1066.156029,PPT,1.000000,-1066.156029,,,,,,,-1066.156029,-10.661560,-1066.156029
205,2023-04-14 10:00:00,0.674033,long,1.000000,33.814252,False,Standard (NTI+MB+IC),0.673033,10.000000,0.675044,0.676055,0.677403,2023-04-14 10:15:00,0.672857,stop_loss,0,0.250000,-1175.710215,PPT,1.000000,-1175.710215,,,,,,,-1175.710215,-11.757102,-1175.710215
206,2023-04-16 21:15:00,0.669433,short,1.000000,37.052620,False,Standard (NTI+MB+IC),0.670433,10.000000,0.668429,0.667425,0.666086,2023-04-16 21:45:00,0.670472,stop_loss,0,0.500000,-1038.445206,PPT,1.000000,-1038.445206,,,,,,,-1038.445206,-10.384452,-1038.445206
207,2023-04-16 22:00:00,0.670574,short,1.000000,13.802085,False,Standard (NTI+MB+IC),0.671574,10.000000,0.669568,0.668562,0.667221,2023-04-17 03:00:00,0.671717,stop_loss,0,5.000000,-1143.109254,PPT,1.000000,-1143.109254,,,,,,,-1143.109254,-11.431093,-1143.109254
208,2023-04-18 02:00:00,0.672706,long,1.000000,52.593456,False,Standard (NTI+MB+IC),0.671706,10.000000,0.673715,0.674724,0.676070,2023-04-18 12:00:00,0.671630,stop_loss,1,10.000000,-33.572974,TP1,0.500000,504.529654,PPT,0.500000,-538.102628,,,,-33.572974,-10.762053,-33.572974
209,2023-04-19 05:45:00,0.669726,short,1.000000,47.537474,False,Standard (NTI+MB+IC),0.670726,10.000000,0.668721,0.667716,0.666377,2023-04-19 09:00:00,0.671740,stop_loss,0,3.250000,-2014.474977,PPT,1.000000,-2014.474977,,,,,,,-2014.474977,-20.144750,-2014.474977
210,2023-04-19 14:00:00,0.671634,short,1.000000,19.535801,False,Standard (NTI+MB+IC),0.672634,10.000000,0.670627,0.669619,0.668276,2023-04-20 02:00:00,0.671555,trailing_stop,1,12.000000,543.397497,TP1,0.500000,503.725561,PPT,0.500000,39.671936,,,,543.397497,0.793439,543.397497
211,2023-04-20 02:15:00,0.672135,short,1.000000,31.268242,False,Standard (NTI+MB+IC),0.673135,10.000000,0.671127,0.670119,0.668775,2023-04-20 05:30:00,0.671127,tp1_pullback,2,3.250000,1260.254008,TP1,0.500000,504.101603,TP2,0.250000,504.101603,PPT,0.250000,252.050802,1260.254008,10.082032,1260.254008
212,2023-04-20 10:00:00,0.676506,long,1.000000,32.644621,False,Standard (NTI+MB+IC),0.675506,10.000000,0.677521,0.678536,0.679889,2023-04-20 13:00:00,0.675343,stop_loss,0,3.000000,-1163.463030,PPT,1.000000,-1163.463030,,,,,,,-1163.463030,-11.634630,-1163.463030
213,2023-04-20 13:15:00,0.675210,long,1.000000,36.631774,False,Standard (NTI+MB+IC),0.674210,10.000000,0.676222,0.677235,0.678586,2023-04-20 14:30:00,0.674174,stop_loss,0,1.250000,-1035.065193,PPT,1.000000,-1035.065193,,,,,,,-1035.065193,-10.350652,-1035.065193
214,2023-04-20 21:30:00,0.672222,long,1.000000,14.486187,False,Standard (NTI+MB+IC),0.671463,7.587506,0.673231,0.674239,0.675583,2023-04-21 00:00:00,0.671440,stop_loss,0,2.500000,-781.945400,PPT,1.000000,-781.945400,,,,,,,-781.945400,-7.819454,-781.945400
215,2023-04-21 02:45:00,0.668699,short,1.000000,66.187093,False,Standard (NTI+MB+IC),0.669699,10.000000,0.667696,0.666693,0.665356,2023-04-21 06:00:00,0.669700,stop_loss,0,3.250000,-1000.794677,PPT,1.000000,-1000.794677,,,,,,,-1000.794677,-10.007947,-1000.794677
216,2023-04-21 06:15:00,0.669460,short,1.000000,20.622785,False,Standard (NTI+MB+IC),0.670460,10.000000,0.668456,0.667452,0.666113,2023-04-21 08:30:00,0.670593,stop_loss,0,2.250000,-1133.580808,PPT,1.000000,-1133.580808,,,,,,,-1133.580808,-11.335808,-1133.580808
217,2023-04-21 08:45:00,0.670182,short,1.000000,18.550644,False,Standard (NTI+MB+IC),0.671182,10.000000,0.669176,0.668171,0.666831,2023-04-21 10:15:00,0.669176,tp1_pullback,2,1.500000,1256.590476,TP1,0.500000,502.636191,TP2,0.250000,502.636191,PPT,0.250000,251.318095,1256.590476,10.052724,1256.590476
218,2023-04-24 01:30:00,0.667079,short,1.000000,58.871894,False,Standard (NTI+MB+IC),0.668079,10.000000,0.666079,0.665078,0.663744,2023-04-24 03:15:00,0.668081,stop_loss,0,1.750000,-1001.589610,PPT,1.000000,-1001.589610,,,,,,,-1001.589610,-10.015896,-1001.589610
219,2023-04-24 04:00:00,0.668357,short,1.000000,20.366943,False,Standard (NTI+MB+IC),0.669357,10.000000,0.667355,0.666352,0.665015,2023-04-24 05:15:00,0.669440,stop_loss,0,1.250000,-1082.858331,PPT,1.000000,-1082.858331,,,,,,,-1082.858331,-10.828583,-1082.858331
220,2023-04-25 00:00:00,0.667568,short,1.000000,46.185432,False,Standard (NTI+MB+IC),0.668568,10.000000,0.666567,0.665565,0.664230,2023-04-25 02:00:00,0.668658,stop_loss,0,2.000000,-1090.331479,PPT,1.000000,-1090.331479,,,,,,,-1090.331479,-10.903315,-1090.331479
221,2023-04-25 03:30:00,0.665879,short,1.000000,37.306371,False,Standard (NTI+MB+IC),0.666879,10.000000,0.664880,0.663882,0.662550,2023-04-25 05:30:00,0.666900,stop_loss,0,2.000000,-1020.832224,PPT,1.000000,-1020.832224,,,,,,,-1020.832224,-10.208322,-1020.832224
222,2023-04-25 07:00:00,0.665989,short,1.000000,26.257230,False,Standard (NTI+MB+IC),0.666989,10.000000,0.664990,0.663991,0.662659,2023-04-25 12:00:00,0.662659,take_profit_3,3,5.000000,1831.470667,TP1,0.500000,499.492000,TP2,0.250000,499.492000,TP3,0.250000,832.486667,1831.470667,33.299467,1831.470667
223,2023-04-25 12:15:00,0.662206,short,1.000000,61.893166,False,Standard (NTI+MB+IC),0.663206,10.000000,0.661213,0.660219,0.658895,2023-04-25 19:00:00,0.663358,stop_loss,0,6.750000,-1151.584428,PPT,1.000000,-1151.584428,,,,,,,-1151.584428,-11.515844,-1151.584428
224,2023-04-25 19:30:00,0.663279,short,1.000000,19.356560,False,Standard (NTI+MB+IC),0.664279,10.000000,0.662285,0.661290,0.659963,2023-04-25 21:45:00,0.662285,tp1_pullback,2,2.250000,1243.648974,TP1,0.500000,497.459590,TP2,0.250000,497.459590,PPT,0.250000,248.729795,1243.648974,9.949192,1243.648974
225,2023-04-25 22:00:00,0.661610,short,1.000000,41.166276,False,Standard (NTI+MB+IC),0.662610,10.000000,0.660618,0.659626,0.658302,2023-04-26 06:00:00,0.660618,tp1_pullback,2,8.000000,1240.519536,TP1,0.500000,496.207814,TP2,0.250000,496.207814,PPT,0.250000,248.103907,1240.519536,9.924156,1240.519536
226,2023-04-28 01:00:00,0.661150,short,1.000000,44.757285,False,Standard (NTI+MB+IC),0.662150,10.000000,0.660158,0.659166,0.657844,2023-04-28 04:30:00,0.657844,take_profit_3,3,3.500000,1818.161968,TP1,0.500000,495.862355,TP2,0.250000,495.862355,TP3,0.250000,826.437258,1818.161968,33.057490,1818.161968
227,2023-04-28 04:45:00,0.658195,short,1.000000,75.741568,False,Standard (NTI+MB+IC),0.659195,10.000000,0.657208,0.656221,0.654904,2023-04-28 08:30:00,0.659199,stop_loss,0,3.750000,-1004.224805,PPT,1.000000,-1004.224805,,,,,,,-1004.224805,-10.042248,-1004.224805
228,2023-04-28 08:45:00,0.658546,short,1.000000,50.796182,False,Standard (NTI+MB+IC),0.659546,10.000000,0.657558,0.656570,0.655253,2023-04-28 11:00:00,0.660220,stop_loss,0,2.250000,-1674.031137,PPT,1.000000,-1674.031137,,,,,,,-1674.031137,-16.740311,-1674.031137
229,2023-04-28 11:15:00,0.660703,short,1.000000,23.495171,False,Standard (NTI+MB+IC),0.661703,10.000000,0.659712,0.658721,0.657399,2023-04-28 16:00:00,0.661840,stop_loss,0,4.750000,-1137.343989,PPT,1.000000,-1137.343989,,,,,,,-1137.343989,-11.373440,-1137.343989
230,2023-05-01 09:00:00,0.665785,long,1.000000,35.700618,False,Standard (NTI+MB+IC),0.664785,10.000000,0.666784,0.667782,0.669114,2023-05-01 11:00:00,0.664630,stop_loss,0,2.000000,-1155.152497,PPT,1.000000,-1155.152497,,,,,,,-1155.152497,-11.551525,-1155.152497
231,2023-05-01 11:15:00,0.663670,long,1.000000,19.948550,False,Standard (NTI+MB+IC),0.663094,5.755387,0.664665,0.665661,0.666988,2023-05-01 11:45:00,0.663040,stop_loss,0,0.500000,-629.902390,PPT,1.000000,-629.902390,,,,,,,-629.902390,-6.299024,-629.902390
232,2023-05-01 12:30:00,0.663512,long,1.000000,14.067676,False,Standard (NTI+MB+IC),0.663108,4.036099,0.664507,0.665502,0.666829,2023-05-01 15:00:00,0.662966,stop_loss,0,2.500000,-545.275109,PPT,1.000000,-545.275109,,,,,,,-545.275109,-5.452751,-545.275109
233,2023-05-02 00:45:00,0.669351,long,1.000000,32.162807,False,Standard (NTI+MB+IC),0.668351,10.000000,0.670355,0.671359,0.672698,2023-05-02 02:30:00,0.670355,tp1_pullback,2,1.750000,1255.033948,TP1,0.500000,502.013579,TP2,0.250000,502.013579,PPT,0.250000,251.006790,1255.033948,10.040272,1255.033948
234,2023-05-02 02:45:00,0.671159,long,1.000000,57.981417,False,Standard (NTI+MB+IC),0.670159,10.000000,0.672166,0.673173,0.674515,2023-05-02 03:15:00,0.670133,stop_loss,0,0.500000,-1026.478682,PPT,1.000000,-1026.478682,,,,,,,-1026.478682,-10.264787,-1026.478682
235,2023-05-02 03:30:00,0.671329,long,1.000000,52.619821,False,Standard (NTI+MB+IC),0.670329,10.000000,0.672336,0.673343,0.674686,2023-05-02 03:45:00,0.670321,stop_loss,0,0.250000,-1007.648347,PPT,1.000000,-1007.648347,,,,,,,-1007.648347,-10.076483,-1007.648347
236,2023-05-02 04:00:00,0.669435,long,1.000000,21.517976,False,Standard (NTI+MB+IC),0.668435,10.000000,0.670439,0.671443,0.672782,2023-05-02 09:00:00,0.668395,stop_loss,0,5.000000,-1040.393194,PPT,1.000000,-1040.393194,,,,,,,-1040.393194,-10.403932,-1040.393194
237,2023-05-02 11:45:00,0.666876,long,1.000000,21.078388,False,Standard (NTI+MB+IC),0.665876,10.000000,0.667876,0.668877,0.670211,2023-05-02 17:00:00,0.665811,stop_loss,0,5.250000,-1065.128143,PPT,1.000000,-1065.128143,,,,,,,-1065.128143,-10.651281,-1065.128143
238,2023-05-03 19:00:00,0.664388,long,1.000000,34.580876,False,Standard (NTI+MB+IC),0.664738,3.500587,0.665384,0.666381,0.667710,2023-05-03 19:15:00,0.664460,stop_loss,0,0.250000,72.331011,PPT,1.000000,72.331011,,,,,,,72.331011,0.723310,72.331011
239,2023-05-03 23:15:00,0.668825,long,1.000000,46.554737,False,Standard (NTI+MB+IC),0.667825,10.000000,0.669828,0.670831,0.672169,2023-05-04 02:15:00,0.667782,stop_loss,1,3.000000,-19.654132,TP1,0.500000,501.618707,PPT,0.500000,-521.272839,,,,-19.654132,-10.425457,-19.654132
240,2023-05-04 14:30:00,0.669695,long,1.000000,36.585020,False,Standard (NTI+MB+IC),0.668695,10.000000,0.670700,0.671704,0.673043,2023-05-04 23:30:00,0.673043,take_profit_3,3,9.000000,1841.661293,TP1,0.500000,502.271262,TP2,0.250000,502.271262,TP3,0.250000,837.118769,1841.661293,33.484751,1841.661293
241,2023-05-04 23:45:00,0.673506,long,1.000000,55.986765,False,Standard (NTI+MB+IC),0.672506,10.000000,0.674516,0.675526,0.676873,2023-05-05 04:00:00,0.672417,stop_loss,0,4.250000,-1089.285242,PPT,1.000000,-1089.285242,,,,,,,-1089.285242,-10.892852,-1089.285242
242,2023-05-05 04:15:00,0.672777,long,1.000000,21.645730,False,Standard (NTI+MB+IC),0.671777,10.000000,0.673787,0.674796,0.676141,2023-05-05 08:30:00,0.671604,stop_loss,0,4.250000,-1173.273280,PPT,1.000000,-1173.273280,,,,,,,-1173.273280,-11.732733,-1173.273280
243,2023-05-05 08:45:00,0.670497,long,1.000000,19.298895,False,Standard (NTI+MB+IC),0.669497,10.000000,0.671503,0.672509,0.673850,2023-05-05 10:15:00,0.673850,take_profit_3,3,1.500000,2422.723947,TP1,0.500000,1056.401634,TP2,0.250000,528.200817,TP3,0.250000,838.121496,2422.723947,33.524860,2422.723947
244,2023-05-05 14:30:00,0.675480,long,1.000000,28.217131,False,Standard (NTI+MB+IC),0.674480,10.000000,0.676493,0.677507,0.678857,2023-05-07 17:00:00,0.674472,stop_loss,0,50.500000,-1007.978276,PPT,1.000000,-1007.978276,,,,,,,-1007.978276,-10.079783,-1007.978276
245,2023-05-07 23:00:00,0.676911,long,1.000000,37.047421,False,Standard (NTI+MB+IC),0.675911,10.000000,0.677926,0.678942,0.680296,2023-05-08 14:00:00,0.677926,tp1_pullback,2,15.000000,1269.208346,TP1,0.500000,507.683339,TP2,0.250000,507.683339,PPT,0.250000,253.841669,1269.208346,10.153667,1269.208346
246,2023-05-08 14:15:00,0.678398,long,1.000000,15.045726,False,Standard (NTI+MB+IC),0.677398,10.000000,0.679416,0.680434,0.681790,2023-05-08 21:30:00,0.677270,stop_loss,0,7.250000,-1128.812106,PPT,1.000000,-1128.812106,,,,,,,-1128.812106,-11.288121,-1128.812106
247,2023-05-10 11:15:00,0.676202,long,1.000000,39.198874,False,Standard (NTI+MB+IC),0.675202,10.000000,0.677217,0.678231,0.679583,2023-05-10 22:00:00,0.677217,tp1_pullback,2,10.750000,1267.879450,TP1,0.500000,507.151780,TP2,0.250000,507.151780,PPT,0.250000,253.575890,1267.879450,10.143036,1267.879450
248,2023-05-11 11:00:00,0.669711,short,1.000000,35.846770,False,Standard (NTI+MB+IC),0.670711,10.000000,0.668707,0.667702,0.666363,2023-05-12 09:00:00,0.668707,tp1_pullback,2,22.000000,1255.708724,TP1,0.500000,502.283490,TP2,0.250000,502.283490,PPT,0.250000,251.141745,1255.708724,10.045670,1255.708724
249,2023-05-12 12:00:00,0.664311,short,1.000000,30.133034,False,Standard (NTI+MB+IC),0.665311,10.000000,0.663315,0.662318,0.660990,2023-05-14 21:00:00,0.665436,stop_loss,0,57.000000,-1124.838683,PPT,1.000000,-1124.838683,,,,,,,-1124.838683,-11.248387,-1124.838683
250,2023-05-14 21:15:00,0.665999,short,1.000000,15.524178,False,Standard (NTI+MB+IC),0.666999,10.000000,0.665000,0.664001,0.662669,2023-05-15 01:00:00,0.667080,stop_loss,0,3.750000,-1080.764807,PPT,1.000000,-1080.764807,,,,,,,-1080.764807,-10.807648,-1080.764807
251,2023-05-16 01:30:00,0.667779,short,1.000000,36.839961,False,Standard (NTI+MB+IC),0.668779,10.000000,0.666777,0.665776,0.664440,2023-05-16 03:45:00,0.668808,stop_loss,1,2.250000,-13.763813,TP1,0.500000,500.834231,PPT,0.500000,-514.598045,,,,-13.763813,-10.291961,-13.763813
252,2023-05-16 04:15:00,0.669002,short,1.000000,16.861632,False,Standard (NTI+MB+IC),0.670002,10.000000,0.667998,0.666995,0.665657,2023-05-16 09:00:00,0.667998,tp1_pullback,2,4.750000,1254.378377,TP1,0.500000,501.751351,TP2,0.250000,501.751351,PPT,0.250000,250.875675,1254.378377,10.035027,1254.378377
253,2023-05-17 01:15:00,0.664254,short,1.000000,32.885463,False,Standard (NTI+MB+IC),0.665254,10.000000,0.663258,0.662262,0.660933,2023-05-17 07:00:00,0.665325,stop_loss,1,5.750000,-37.018806,TP1,0.500000,498.190739,PPT,0.500000,-535.209545,,,,-37.018806,-10.704191,-37.018806
254,2023-05-17 09:15:00,0.666543,short,1.000000,36.678583,False,Standard (NTI+MB+IC),0.667543,10.000000,0.665543,0.664543,0.663210,2023-05-17 11:45:00,0.665543,tp1_pullback,2,2.500000,1292.985322,TP1,0.500000,499.906875,TP2,0.250000,543.125009,PPT,0.250000,249.953438,1292.985322,9.998138,1292.985322
255,2023-05-18 10:45:00,0.660983,short,1.000000,48.795573,False,Standard (NTI+MB+IC),0.661983,10.000000,0.659992,0.659000,0.657678,2023-05-18 16:00:00,0.662114,stop_loss,0,5.250000,-1130.831108,PPT,1.000000,-1130.831108,,,,,,,-1130.831108,-11.308311,-1130.831108
256,2023-05-22 03:00:00,0.663311,short,1.000000,53.688464,False,Standard (NTI+MB+IC),0.664311,10.000000,0.662316,0.661321,0.659995,2023-05-22 05:00:00,0.664497,stop_loss,0,2.000000,-1185.157640,PPT,1.000000,-1185.157640,,,,,,,-1185.157640,-11.851576,-1185.157640
257,2023-05-23 05:30:00,0.662042,short,1.000000,38.010779,False,Standard (NTI+MB+IC),0.663042,10.000000,0.661049,0.660056,0.658732,2023-05-23 22:00:00,0.658732,take_profit_3,3,16.500000,1820.615695,TP1,0.500000,496.531553,TP2,0.250000,496.531553,TP3,0.250000,827.552589,1820.615695,33.102104,1820.615695
258,2023-05-23 22:15:00,0.659455,short,1.000000,37.621429,False,Standard (NTI+MB+IC),0.660455,10.000000,0.658466,0.657477,0.656158,2023-05-23 23:00:00,0.660562,stop_loss,0,0.750000,-1106.931932,PPT,1.000000,-1106.931932,,,,,,,-1106.931932,-11.069319,-1106.931932
259,2023-05-23 23:15:00,0.660357,short,1.000000,33.214743,False,Standard (NTI+MB+IC),0.661357,10.000000,0.659366,0.658376,0.657055,2023-05-24 03:30:00,0.657055,take_profit_3,3,4.250000,1815.981054,TP1,0.500000,495.267560,TP2,0.250000,495.267560,TP3,0.250000,825.445933,1815.981054,33.017837,1815.981054
260,2023-05-24 03:45:00,0.656976,short,1.000000,46.762041,False,Standard (NTI+MB+IC),0.657976,10.000000,0.655990,0.655005,0.653691,2023-05-24 04:30:00,0.658120,stop_loss,0,0.750000,-1144.091143,PPT,1.000000,-1144.091143,,,,,,,-1144.091143,-11.440911,-1144.091143
261,2023-05-24 04:45:00,0.657888,short,1.000000,39.853178,False,Standard (NTI+MB+IC),0.658888,10.000000,0.656901,0.655914,0.654598,2023-05-24 10:00:00,0.654598,take_profit_3,3,5.250000,1809.190657,TP1,0.500000,493.415634,TP2,0.250000,493.415634,TP3,0.250000,822.359390,1809.190657,32.894376,1809.190657
262,2023-05-24 10:15:00,0.654118,short,1.000000,43.577978,False,Standard (NTI+MB+IC),0.655118,10.000000,0.653137,0.652156,0.650848,2023-05-25 02:45:00,0.654056,trailing_stop,1,16.500000,521.652519,TP1,0.500000,490.588639,PPT,0.500000,31.063879,,,,521.652519,0.621278,521.652519
263,2023-05-25 11:45:00,0.650362,short,1.000000,43.098403,False,Standard (NTI+MB+IC),0.651362,10.000000,0.649387,0.648411,0.647110,2023-05-25 22:00:00,0.651481,stop_loss,1,10.250000,-71.509611,TP1,0.500000,487.771630,PPT,0.500000,-559.281241,,,,-71.509611,-11.185625,-71.509611
264,2023-05-25 22:15:00,0.651089,short,1.000000,19.563048,False,Standard (NTI+MB+IC),0.652089,10.000000,0.650113,0.649136,0.647834,2023-05-26 02:15:00,0.652240,stop_loss,0,4.000000,-1150.854431,PPT,1.000000,-1150.854431,,,,,,,-1150.854431,-11.508544,-1150.854431
265,2023-05-26 12:15:00,0.651470,short,1.000000,40.126477,False,Standard (NTI+MB+IC),0.652470,10.000000,0.650493,0.649516,0.648213,2023-05-28 18:00:00,0.652500,stop_loss,0,53.750000,-1030.003183,PPT,1.000000,-1030.003183,,,,,,,-1030.003183,-10.300032,-1030.003183
266,2023-05-29 23:45:00,0.651270,short,1.000000,45.884927,False,Standard (NTI+MB+IC),0.652270,10.000000,0.650293,0.649317,0.648014,2023-05-30 02:45:00,0.652439,stop_loss,1,3.000000,-95.786445,TP1,0.500000,488.452753,PPT,0.500000,-584.239198,,,,-95.786445,-11.684784,-95.786445
267,2023-05-30 03:45:00,0.653073,short,1.000000,18.534081,False,Standard (NTI+MB+IC),0.654073,10.000000,0.652093,0.651113,0.649807,2023-05-30 04:45:00,0.654144,stop_loss,0,1.000000,-1070.871165,PPT,1.000000,-1070.871165,,,,,,,-1070.871165,-10.708712,-1070.871165
268,2023-05-30 05:00:00,0.653724,short,1.000000,49.250838,False,Standard (NTI+MB+IC),0.654724,10.000000,0.652744,0.651763,0.650456,2023-05-30 05:15:00,0.654860,stop_loss,0,0.250000,-1135.800759,PPT,1.000000,-1135.800759,,,,,,,-1135.800759,-11.358008,-1135.800759
269,2023-05-30 11:45:00,0.651132,short,1.000000,49.073765,False,Standard (NTI+MB+IC),0.652132,10.000000,0.650156,0.649179,0.647877,2023-05-30 19:30:00,0.652170,stop_loss,0,7.750000,-1037.614943,PPT,1.000000,-1037.614943,,,,,,,-1037.614943,-10.376149,-1037.614943
270,2023-05-30 20:00:00,0.651111,short,1.000000,27.406140,False,Standard (NTI+MB+IC),0.652111,10.000000,0.650135,0.649158,0.647856,2023-05-30 21:30:00,0.652214,stop_loss,1,1.500000,-63.276431,TP1,0.500000,488.333379,PPT,0.500000,-551.609810,,,,-63.276431,-11.032196,-63.276431
271,2023-05-30 21:45:00,0.650231,short,1.000000,18.065315,False,Standard (NTI+MB+IC),0.651231,10.000000,0.649256,0.648281,0.646980,2023-05-31 11:00:00,0.646980,take_profit_3,3,13.250000,1788.135820,TP1,0.500000,487.673405,TP2,0.250000,487.673405,TP3,0.250000,812.789009,1788.135820,32.511560,1788.135820
272,2023-05-31 15:45:00,0.650234,short,1.000000,41.923671,False,Standard (NTI+MB+IC),0.651234,10.000000,0.649259,0.648283,0.646983,2023-05-31 21:45:00,0.650221,trailing_stop,1,6.000000,494.250997,TP1,0.500000,487.675428,PPT,0.500000,6.575570,,,,494.250997,0.131511,494.250997
273,2023-06-01 12:30:00,0.657712,long,1.000000,61.675331,False,Standard (NTI+MB+IC),0.656712,10.000000,0.658699,0.659685,0.661001,2023-06-01 16:45:00,0.656580,stop_loss,0,4.250000,-1131.947105,PPT,1.000000,-1131.947105,,,,,,,-1131.947105,-11.319471,-1131.947105
274,2023-06-01 18:00:00,0.657383,long,1.000000,42.237211,False,Standard (NTI+MB+IC),0.656383,10.000000,0.658369,0.659355,0.660669,2023-06-01 22:45:00,0.660669,take_profit_3,3,4.750000,1807.802085,TP1,0.500000,493.036932,TP2,0.250000,493.036932,TP3,0.250000,821.728220,1807.802085,32.869129,1807.802085
275,2023-06-01 23:00:00,0.661187,long,1.000000,67.042550,False,Standard (NTI+MB+IC),0.660187,10.000000,0.662179,0.663171,0.664493,2023-06-02 07:15:00,0.662179,tp1_pullback,2,8.250000,1239.726557,TP1,0.500000,495.890623,TP2,0.250000,495.890623,PPT,0.250000,247.945311,1239.726557,9.917812,1239.726557
276,2023-06-02 07:30:00,0.662115,long,1.000000,22.207547,False,Standard (NTI+MB+IC),0.661115,10.000000,0.663108,0.664101,0.665425,2023-06-02 08:30:00,0.661052,stop_loss,1,1.000000,-34.878802,TP1,0.500000,496.585891,PPT,0.500000,-531.464693,,,,-34.878802,-10.629294,-34.878802
277,2023-06-02 08:45:00,0.662123,long,1.000000,18.839590,False,Standard (NTI+MB+IC),0.661123,10.000000,0.663117,0.664110,0.665434,2023-06-02 11:45:00,0.661105,stop_loss,0,3.000000,-1018.043064,PPT,1.000000,-1018.043064,,,,,,,-1018.043064,-10.180431,-1018.043064
278,2023-06-02 12:00:00,0.661056,long,1.000000,21.059041,False,Standard (NTI+MB+IC),0.660056,10.000000,0.662048,0.663039,0.664362,2023-06-04 18:00:00,0.659903,stop_loss,0,54.000000,-1153.098354,PPT,1.000000,-1153.098354,,,,,,,-1153.098354,-11.530984,-1153.098354
279,2023-06-04 18:15:00,0.660505,long,1.000000,20.343446,False,Standard (NTI+MB+IC),0.659505,10.000000,0.661496,0.662486,0.663807,2023-06-04 20:00:00,0.659395,stop_loss,0,1.750000,-1110.315983,PPT,1.000000,-1110.315983,,,,,,,-1110.315983,-11.103160,-1110.315983
280,2023-06-04 20:15:00,0.659500,long,1.000000,47.619792,False,Standard (NTI+MB+IC),0.658500,10.000000,0.660490,0.661479,0.662798,2023-06-05 01:30:00,0.660680,end_of_data,1,5.250000,1084.479650,TP1,0.500000,494.625218,PPT,0.500000,589.854432,,,,1084.479650,11.797089,1084.479650
